g 1P_PW_SPAS12
v 0.001224518 0.02862465 0.022293
v 0.00619939 0.01912719 0.01867491
v 0.08986753 0.01370007 0.0290769
v 0.08941525 0.02319753 0.03314725
v 0.001224518 0.02862465 0.022293
v 0.002129048 0.02862465 0.04671505
v -0.01189101 0.02952915 0.04581052
v -0.03405178 0.03043368 0.02138847
v -0.02410203 0.03043368 0.0155091
v -0.03133821 0.02998143 0.0394789
v 0.08941525 0.02319753 0.03314725
v 0.09258109 0.02274525 0.05802155
v 0.0957469 0.02274525 0.03405178
v -0.03450403 0.02952915 0.03676534
v -0.03540856 0.03043368 0.02364978
v -0.01731813 0.02998143 0.007820666
v -0.01641363 0.02998143 0.002393544
v 0.008460701 0.02862465 0.002845824
v 0.00619939 0.02862465 -0.002581298
v -0.02952915 0.03133821 -0.0401189
v -0.0005845129 0.02952915 -0.03469178
v 0.001224518 0.0290769 -0.04102343
v 0.003938079 0.0290769 -0.04645056
v -0.02636334 0.03133821 -0.05006862
v 0.001224518 0.02862465 0.022293
v 0.008460701 0.02862465 0.002845824
v 0.01162651 0.01867491 0.003298074
v 0.00619939 0.01912719 0.01867491
v 0.0007722676 0.01912719 0.0530467
v -0.01731813 0.02048397 0.0462628
v -0.01189101 0.02952915 0.04581052
v 0.001224518 0.02455431 0.05078539
v 0.0007722676 0.01912719 0.0530467
v -0.01324779 0.01053423 0.04535827
v 0.0007722676 0.01370007 0.05078539
v 0.001224518 0.009629726 0.0462628
v 0.04961637 0.01234329 0.0575693
v 0.09122431 0.01324779 0.06344867
v 0.001224518 0.02455431 0.05078539
v 0.08308363 0.01008198 0.06163964
v 0.08444041 0.007820666 0.06118739
v 0.09122431 0.006011635 0.06163964
v 0.09212881 0.02003169 0.06118739
v 0.08489266 0.006011635 0.05937833
v 0.04780734 0.009177446 0.05576026
v 0.0007722676 0.01370007 0.05078539
v 0.04735506 0.006463885 0.05214217
v 0.09122431 0.003750324 0.0575693
v 0.08579719 0.004202604 0.05711704
v 0.001224518 0.02455431 0.05078539
v 0.002129048 0.02862465 0.04671505
v -0.01189101 0.02952915 0.04581052
v 0.09258109 0.02274525 0.05802155
v -0.02636334 0.03133821 -0.05006862
v -0.02952915 0.03133821 -0.0401189
v -0.032695 0.02184075 -0.04057115
v -0.02998143 0.02184075 -0.0505209
v -0.02274525 0.02093622 0.007820666
v -0.02952915 0.03133821 -0.0401189
v -0.01641363 0.02998143 0.002393544
v 0.001224518 0.0290769 -0.04102343
v 0.003485829 0.01957944 -0.03740534
v -0.0005845129 0.02952915 -0.03469178
v 0.00710392 0.01957944 -0.04599828
v 0.003938079 0.0290769 -0.04645056
v 0.00619939 0.02862465 -0.002581298
v 0.01162651 0.01867491 0.003298074
v 0.008460701 0.02862465 0.002845824
v -0.02998143 0.02184075 -0.0505209
v 0.00710392 0.01957944 -0.04599828
v 0.003938079 0.0290769 -0.04645056
v -0.02636334 0.03133821 -0.05006862
v -0.01731813 0.02998143 0.007820666
v -0.02274525 0.02093622 0.007820666
v -0.01641363 0.02998143 0.002393544
v -0.02410203 0.03043368 0.0155091
v -0.03133821 0.02138847 0.01415232
v -0.03405178 0.03043368 0.02138847
v 0.09619915 0.01324779 0.02591109
v 0.0957469 0.02274525 0.03405178
v 0.08941525 0.02319753 0.03314725
v -0.03405178 0.03043368 0.02138847
v -0.03540856 0.01279554 0.02138847
v -0.03133821 0.02138847 0.01415232
v -0.03540856 0.03043368 0.02364978
v -0.03631306 0.01324779 0.02364978
v 0.0003200173 0.01008198 0.02184075
v 0.08805847 0.004202604 0.03314725
v 0.08986753 0.01370007 0.0290769
v 0.00619939 0.01912719 0.01867491
v 0.0003200173 0.01008198 0.02184075
v -0.03540856 0.01279554 0.02138847
v -0.01324779 0.01053423 0.04535827
v 0.001224518 0.009629726 0.0462628
v -0.02545881 0.01143876 0.0155091
v 0.02202851 0.008272946 0.04219246
v 0.02157623 0.008272946 0.04535827
v 0.04735506 0.006463885 0.05214217
v 0.04780734 0.006463885 0.04897636
v 0.08579719 0.004202604 0.04988086
v 0.08805847 0.004202604 0.03314725
v 0.09439012 0.003750324 0.03405178
v 0.08579719 0.004202604 0.05711704
v 0.09122431 0.003750324 0.0575693
v -0.032695 0.01279554 0.0394789
v -0.03540856 0.01324779 0.03676534
v -0.03631306 0.01324779 0.02364978
v -0.01867491 0.01143876 0.007820666
v 0.00710392 0.009629726 0.002393544
v -0.01777041 0.01143876 0.002393544
v 0.005294859 0.009629726 -0.002581298
v -0.03043368 0.01234329 -0.0401189
v -0.001941293 0.01053423 -0.03469178
v -0.0001322627 0.01053423 -0.04147568
v 0.002581298 0.01008198 -0.04645056
v -0.02772012 0.01234329 -0.0505209
v 0.0003200173 0.01008198 0.02184075
v 0.00619939 0.01912719 0.01867491
v 0.01162651 0.01867491 0.003298074
v 0.00710392 0.009629726 0.002393544
v -0.02772012 0.01234329 -0.0505209
v -0.02998143 0.02184075 -0.0505209
v -0.032695 0.02184075 -0.04057115
v -0.03043368 0.01234329 -0.0401189
v -0.02274525 0.02093622 0.007820666
v -0.01777041 0.01143876 0.002393544
v -0.01867491 0.01143876 0.007820666
v -0.02545881 0.01143876 0.0155091
v -0.03133821 0.02138847 0.01415232
v -0.03540856 0.01279554 0.02138847
v -0.0001322627 0.01053423 -0.04147568
v -0.001941293 0.01053423 -0.03469178
v 0.003485829 0.01957944 -0.03740534
v 0.002581298 0.01008198 -0.04645056
v 0.00710392 0.01957944 -0.04599828
v 0.003485829 0.01957944 -0.03740534
v 0.005294859 0.009629726 -0.002581298
v 0.01162651 0.01867491 0.003298074
v 0.00710392 0.009629726 0.002393544
v 0.01162651 0.01867491 0.003298074
v -0.02998143 0.02184075 -0.0505209
v -0.02772012 0.01234329 -0.0505209
v 0.002581298 0.01008198 -0.04645056
v 0.00710392 0.01957944 -0.04599828
v 0.09439012 0.003750324 0.03405178
v 0.09619915 0.01324779 0.02591109
v 0.08805847 0.004202604 0.03314725
v 0.08986753 0.01370007 0.0290769
v -0.03540856 0.01324779 0.03676534
v -0.03631306 0.01324779 0.02364978
v -0.03540856 0.03043368 0.02364978
v -0.03450403 0.02952915 0.03676534
v -0.01731813 0.02048397 0.0462628
v -0.01324779 0.01053423 0.04535827
v -0.032695 0.01279554 0.0394789
v -0.0335995 0.02138847 0.0394789
v -0.03540856 0.01324779 0.03676534
v -0.03450403 0.02952915 0.03676534
v -0.03133821 0.02998143 0.0394789
v -0.01189101 0.02952915 0.04581052
v 0.08579719 0.005559385 0.05711704
v 0.08624944 0.005559385 0.0539512
v 0.04780734 0.006463885 0.04897636
v 0.04735506 0.007820666 0.05214217
v 0.08534491 0.006463885 0.05847383
v 0.04780734 0.008725196 0.05349895
v 0.08534491 0.006463885 0.05847383
v 0.04780734 0.008725196 0.05349895
v 0.04825959 0.01008198 0.05485573
v 0.08444041 0.007368416 0.05983061
v 0.04961637 0.01234329 0.0575693
v 0.08308363 0.01008198 0.06163964
v 0.04780734 0.006463885 0.04897636
v 0.08579719 0.004202604 0.04988086
v 0.02202851 0.008272946 0.04219246
v 0.02157623 0.008272946 0.04535827
v 0.08624944 0.005559385 0.0539512
v 0.08489266 0.006011635 0.05937833
v 0.08534491 0.006463885 0.05847383
v 0.08444041 0.007368416 0.05983061
v 0.08444041 0.007820666 0.06118739
v 0.08579719 0.004202604 0.05711704
v 0.08579719 0.005559385 0.05711704
v 0.08579719 0.004202604 0.04988086
v 0.08624944 0.005559385 0.0539512
v 0.04961637 0.01234329 0.0575693
v 0.04825959 0.01008198 0.05485573
v 0.04780734 0.009177446 0.05576026
v 0.04735506 0.006463885 0.05214217
v 0.04780734 0.009177446 0.05576026
v 0.04780734 0.008725196 0.05349895
v 0.04735506 0.007820666 0.05214217
v 0.04825959 0.01008198 0.05485573
v 0.04780734 0.006463885 0.04897636
v 0.08444041 0.007820666 0.06118739
v 0.08444041 0.007368416 0.05983061
v 0.08308363 0.01008198 0.06163964
v 0.01660138 0.01686588 0.005559385
v 0.01162651 0.01731813 0.01098651
v 0.01434007 0.01686588 0.01189101
v 0.009365201 0.01731813 0.01686588
v 0.01705363 0.01686588 0.01912719
v 0.01660138 0.01686588 0.005559385
v 0.01434007 0.01686588 0.01189101
v 0.01434007 0.02003169 0.01189101
v 0.01705363 0.02003169 0.005559385
v 0.01705363 0.01686588 0.01912719
v 0.01705363 0.02003169 0.01912719
v 0.01705363 0.02003169 0.005559385
v 0.01434007 0.02003169 0.01189101
v 0.01162651 0.02048397 0.01098651
v 0.01705363 0.02003169 0.01912719
v 0.009365201 0.02048397 0.01686588
v 0.01705363 0.02003169 0.005559385
v 0.01162651 0.02048397 0.01098651
v 0.01162651 0.01731813 0.01098651
v 0.01660138 0.01686588 0.005559385
v 0.009365201 0.02048397 0.01686588
v 0.009365201 0.01731813 0.01686588
v 0.3209725 -0.002129048 0.09872496
v 0.3245905 -0.002129048 0.09917724
v 0.3318267 -0.004842609 0.08877525
v 0.3223293 -0.003938079 0.08741847
v 0.3245905 -0.002129048 0.09917724
v 0.3318267 -0.0007722676 0.08877525
v 0.3318267 -0.004842609 0.08877525
v 0.3245905 -0.002129048 0.09917724
v 0.3209725 -0.002129048 0.09872496
v 0.3227815 0.0001322627 0.08741847
v 0.3318267 -0.0007722676 0.08877525
v 0.3209725 -0.002129048 0.09872496
v 0.3223293 -0.003938079 0.08741847
v 0.3227815 0.0001322627 0.08741847
v 0.09619915 0.01324779 0.02364978
v 0.09484237 0.002393544 0.02862465
v 0.1409729 -0.0007722676 0.03450403
v 0.1423297 0.01008198 0.0290769
v 0.09484237 0.002393544 0.02862465
v 0.09031978 0.002845824 0.06525773
v 0.09303334 0.002393544 0.05440348
v 0.09439012 0.002393544 0.04490602
v 0.09439012 0.002393544 0.04490602
v 0.1387116 0.0001322627 0.05078539
v 0.1409729 -0.0007722676 0.03450403
v 0.2567515 -0.008460701 0.04897636
v 0.2581083 0.002393544 0.04400149
v 0.2110732 0.005559385 0.03812212
v 0.2097165 -0.005294859 0.04309696
v 0.2544902 -0.00755617 0.07430291
v 0.2517767 -0.00755617 0.08199134
v 0.2526812 0.01279554 0.08244359
v 0.255847 0.01234329 0.07430291
v 0.2585606 0.01324779 0.04942861
v 0.2567515 -0.008460701 0.04897636
v 0.2581083 0.002393544 0.04400149
v 0.2544902 -0.00755617 0.07430291
v 0.09303334 0.002393544 0.05440348
v 0.1617769 -0.001676798 0.0711371
v 0.09031978 0.002845824 0.06525773
v 0.1459478 -0.0007722676 0.07249388
v 0.2517767 -0.00755617 0.08199134
v 0.09484237 0.002393544 0.02862465
v 0.09619915 0.01324779 0.02364978
v 0.09619915 0.02364978 0.0290769
v 0.09167656 0.02319753 0.06525773
v 0.09031978 0.002845824 0.06525773
v 0.09031978 0.002845824 0.06525773
v 0.09167656 0.02319753 0.06525773
v 0.1473046 0.01957944 0.07249388
v 0.1459478 -0.0007722676 0.07249388
v 0.1626814 0.01867491 0.0711371
v 0.1617769 -0.001676798 0.0711371
v 0.2526812 0.01279554 0.08244359
v 0.2517767 -0.00755617 0.08199134
v 0.2544902 -0.00755617 0.07430291
v 0.0957469 0.003750324 0.05349895
v 0.09303334 0.002393544 0.05440348
v 0.09665143 0.003750324 0.0462628
v 0.09439012 0.002393544 0.04490602
v 0.09303334 0.002393544 0.05440348
v 0.0957469 0.003750324 0.05349895
v 0.09619915 0.02364978 0.0290769
v 0.09619915 0.01324779 0.02364978
v 0.1423297 0.01008198 0.0290769
v 0.1423297 0.02093622 0.03450403
v 0.09619915 0.02364978 0.0290769
v 0.0957469 0.02364978 0.04490602
v 0.09439012 0.02364978 0.05485573
v 0.09167656 0.02319753 0.06525773
v 0.1400684 0.02003169 0.05123764
v 0.1423297 0.02093622 0.03450403
v 0.2110732 0.005559385 0.03812212
v 0.2581083 0.002393544 0.04400149
v 0.2585606 0.01324779 0.04942861
v 0.2110732 0.01641363 0.04354924
v 0.255847 0.01234329 0.07430291
v 0.2526812 0.01279554 0.08244359
v 0.1626814 0.01867491 0.0711371
v 0.09439012 0.02364978 0.05485573
v 0.09167656 0.02319753 0.06525773
v 0.1473046 0.01957944 0.07249388
v 0.255847 0.01234329 0.07430291
v 0.09439012 0.02364978 0.05485573
v 0.09710369 0.02184075 0.0539512
v 0.09800822 0.02184075 0.0462628
v 0.09710369 0.02184075 0.0539512
v 0.09439012 0.02364978 0.05485573
v 0.0957469 0.02364978 0.04490602
v 0.1179076 0.0005845129 0.08334813
v 0.1192644 0.02184075 0.08380038
v 0.1174554 0.02184075 0.08153909
v 0.1160986 0.001036763 0.08108681
v 0.1160986 0.001036763 0.08470491
v 0.1174554 0.02184075 0.08515716
v 0.1160986 0.001036763 0.08108681
v 0.1174554 0.02184075 0.08153909
v 0.1160986 0.02184075 0.08334813
v 0.1147418 0.001036763 0.08334813
v 0.1174554 0.02184075 0.08515716
v 0.1160986 0.001036763 0.08470491
v 0.245445 0.006916165 0.08153909
v 0.2486108 0.004654855 0.08199134
v 0.2486108 0.001036763 0.08199134
v 0.2449928 -0.0007722676 0.08153909
v 0.2418269 0.001489043 0.08108681
v 0.2422792 0.005107105 0.08108681
v 0.1192644 0.01505685 0.06932807
v 0.1188122 0.01505685 0.07068485
v 0.09484237 0.01641363 0.06616223
v 0.1106715 0.0155091 0.0711371
v 0.09529465 0.01641363 0.06978032
v 0.1179076 0.01505685 0.07158935
v 0.1066011 0.01596135 0.07204163
v 0.1038876 0.01596135 0.07430291
v 0.09981725 0.01641363 0.07339841
v 0.09484237 0.01641363 0.06616223
v 0.09529465 0.01641363 0.06978032
v 0.09529465 0.0155091 0.06978032
v 0.09439012 0.01596135 0.06751901
v 0.09439012 0.009177446 0.06616223
v 0.09439012 0.01008198 0.06751901
v 0.09484237 0.01008198 0.06978032
v 0.09484237 0.009177446 0.06978032
v 0.1106715 0.0155091 0.0711371
v 0.1106715 0.01460457 0.0711371
v 0.1066011 0.01505685 0.07204163
v 0.1066011 0.01596135 0.07204163
v 0.1038876 0.01505685 0.07430291
v 0.1038876 0.01596135 0.07430291
v 0.1179076 0.01415232 0.07158935
v 0.1179076 0.01505685 0.07158935
v 0.1038876 0.01596135 0.07430291
v 0.1038876 0.01505685 0.07430291
v 0.09981725 0.0155091 0.07339841
v 0.09981725 0.01641363 0.07339841
v 0.09529465 0.0155091 0.06978032
v 0.09529465 0.01641363 0.06978032
v 0.1192644 0.01505685 0.06932807
v 0.1188122 0.007820666 0.06932807
v 0.1188122 0.008725196 0.07023257
v 0.1188122 0.01415232 0.07068485
v 0.1183599 0.007820666 0.07023257
v 0.1174554 0.008725196 0.07158935
v 0.1174554 0.007820666 0.07158935
v 0.1188122 0.01505685 0.07068485
v 0.1179076 0.01415232 0.07158935
v 0.1179076 0.01505685 0.07158935
v 0.1188122 0.01415232 0.07068485
v 0.09439012 0.01596135 0.06751901
v 0.09529465 0.0155091 0.06978032
v 0.1106715 0.01460457 0.0711371
v 0.1066011 0.01505685 0.07204163
v 0.09981725 0.0155091 0.07339841
v 0.1038876 0.01505685 0.07430291
v 0.1179076 0.01415232 0.07158935
v 0.1188122 0.007820666 0.06932807
v 0.09439012 0.009177446 0.06616223
v 0.1102192 0.008272946 0.07068485
v 0.1183599 0.007820666 0.07023257
v 0.1174554 0.007820666 0.07158935
v 0.09484237 0.009177446 0.06978032
v 0.1061489 0.008272946 0.07204163
v 0.1034353 0.008725196 0.07430291
v 0.099365 0.008725196 0.07339841
v 0.1102192 0.008272946 0.07068485
v 0.1061489 0.008272946 0.07204163
v 0.1061489 0.009177446 0.07204163
v 0.1102192 0.009177446 0.07068485
v 0.1038876 0.009629726 0.07430291
v 0.1034353 0.008725196 0.07430291
v 0.1174554 0.008725196 0.07158935
v 0.1174554 0.007820666 0.07158935
v 0.1034353 0.008725196 0.07430291
v 0.099365 0.008725196 0.07339841
v 0.099365 0.009629726 0.07339841
v 0.1038876 0.009629726 0.07430291
v 0.09484237 0.01008198 0.06978032
v 0.09484237 0.009177446 0.06978032
v 0.1188122 0.01415232 0.07068485
v 0.1188122 0.008725196 0.07023257
v 0.09439012 0.01008198 0.06751901
v 0.09439012 0.01596135 0.06751901
v 0.1188122 0.008725196 0.07023257
v 0.1102192 0.009177446 0.07068485
v 0.09484237 0.01008198 0.06978032
v 0.09439012 0.01008198 0.06751901
v 0.1061489 0.009177446 0.07204163
v 0.099365 0.009629726 0.07339841
v 0.1038876 0.009629726 0.07430291
v 0.1174554 0.008725196 0.07158935
v 0.04418924 0.02048397 0.02545881
v 0.004390359 0.02319753 0.02048397
v 0.01841041 0.022293 0.01957944
v 0.02519432 0.02184075 0.02048397
v 0.03243047 0.02138847 0.01731813
v 0.04373699 0.02048397 0.01324779
v 0.03423953 0.02093622 0.007820666
v 0.03559631 0.02093622 0.006916165
v 0.02790788 0.02138847 0.002393544
v 0.02836013 0.02138847 0.001489043
v 0.01886266 0.022293 0.002845824
v 0.01886266 0.022293 0.001941293
v 0.01162651 0.02274525 0.007368416
v 0.01072198 0.02274525 0.004202604
v 0.004390359 0.02319753 0.02048397
v 0.01072198 0.02274525 0.01596135
v 0.01841041 0.022293 0.01957944
v 0.01886266 0.022293 0.001941293
v 0.01072198 0.02274525 0.004202604
v 0.01026973 0.01505685 0.004202604
v 0.01841041 0.01460457 0.001941293
v 0.02790788 0.01370007 0.001489043
v 0.02836013 0.02138847 0.001489043
v 0.03514403 0.01324779 0.006916165
v 0.03559631 0.02093622 0.006916165
v 0.04283246 0.01279554 0.01324779
v 0.04373699 0.02048397 0.01324779
v 0.01886266 0.022293 0.002845824
v 0.01841041 0.01460457 0.002845824
v 0.01117426 0.01505685 0.007368416
v 0.01162651 0.02274525 0.007368416
v 0.02745563 0.01370007 0.002393544
v 0.02790788 0.02138847 0.002393544
v 0.03423953 0.02093622 0.007820666
v 0.03378725 0.01324779 0.007820666
v 0.01841041 0.022293 0.01957944
v 0.01750588 0.01460457 0.01957944
v 0.02474207 0.01415232 0.02003169
v 0.02519432 0.02184075 0.02048397
v 0.03243047 0.02138847 0.01731813
v 0.03197822 0.01370007 0.01731813
v 0.01026973 0.01505685 0.01596135
v 0.01072198 0.02274525 0.01596135
v 0.03514403 0.01324779 0.006916165
v 0.02790788 0.01370007 0.001489043
v 0.02745563 0.01370007 0.002393544
v 0.03378725 0.01324779 0.007820666
v 0.01841041 0.01460457 0.002845824
v 0.01841041 0.01460457 0.001941293
v 0.01117426 0.01505685 0.007368416
v 0.01026973 0.01505685 0.004202604
v 0.003938079 0.0155091 0.02003169
v 0.04283246 0.01279554 0.01324779
v 0.03197822 0.01370007 0.01731813
v 0.04373699 0.01279554 0.02545881
v 0.02474207 0.01415232 0.02003169
v 0.01750588 0.01460457 0.01957944
v 0.01026973 0.01505685 0.01596135
v 0.01117426 0.01505685 0.007368416
v 0.01026973 0.01505685 0.01596135
v 0.01072198 0.02274525 0.01596135
v 0.01162651 0.02274525 0.007368416
v 0.03243047 0.02138847 0.01731813
v 0.03197822 0.01370007 0.01731813
v 0.03378725 0.01324779 0.007820666
v 0.03423953 0.02093622 0.007820666
v 0.04373699 0.02048397 0.01324779
v 0.04283246 0.01279554 0.01324779
v 0.04373699 0.01279554 0.02545881
v 0.04418924 0.02048397 0.02545881
v 0.07629973 0.001036763 0.04942861
v 0.07403842 0.004654855 0.04852408
v 0.07222939 0.004202604 0.04852408
v 0.07494295 0.0001322627 0.04942861
v 0.07403842 0.01008198 0.04852408
v 0.07222939 0.01008198 0.04807183
v 0.07584745 0.001941293 0.0530467
v 0.07449067 0.001036763 0.0530467
v 0.07177711 0.004654855 0.05214217
v 0.07358617 0.004654855 0.05214217
v 0.07177711 0.01008198 0.05168992
v 0.07358617 0.01008198 0.05214217
v 0.07629973 0.001036763 0.04942861
v 0.07584745 0.001941293 0.0530467
v 0.07358617 0.004654855 0.05214217
v 0.07403842 0.004654855 0.04852408
v 0.07358617 0.01008198 0.05214217
v 0.07403842 0.01008198 0.04852408
v 0.07222939 0.01008198 0.04807183
v 0.07177711 0.01008198 0.05168992
v 0.07177711 0.004654855 0.05214217
v 0.07222939 0.004202604 0.04852408
v 0.07449067 0.001036763 0.0530467
v 0.07494295 0.0001322627 0.04942861
v 0.07494295 0.0001322627 0.04942861
v 0.07449067 0.001036763 0.0530467
v 0.07584745 0.001941293 0.0530467
v 0.07629973 0.001036763 0.04942861
v 0.1056966 0.009177446 0.06978032
v 0.1043398 0.009629726 0.07023257
v 0.1047921 0.01505685 0.07023257
v 0.1061489 0.01505685 0.06978032
v 0.1056966 0.009177446 0.06887579
v 0.1056966 0.009177446 0.06978032
v 0.1061489 0.01505685 0.06978032
v 0.1061489 0.01505685 0.06887579
v 0.09846047 0.0155091 0.06797129
v 0.09846047 0.0155091 0.06932807
v 0.09800822 0.009629726 0.06932807
v 0.09846047 0.009629726 0.06797129
v 0.1047921 0.01505685 0.07023257
v 0.1043398 0.009629726 0.07023257
v 0.09800822 0.009629726 0.06932807
v 0.09846047 0.0155091 0.06932807
v 0.101174 0.0155091 0.06978032
v 0.101174 0.0155091 0.07158935
v 0.1007218 0.01415232 0.07158935
v 0.101174 0.01324779 0.07068485
v 0.101174 0.01234329 0.07023257
v 0.1007218 0.01370007 0.07249388
v 0.1007218 0.01324779 0.07249388
v 0.1007218 0.01234329 0.07294613
v 0.1007218 0.01234329 0.07249388
v 0.1007218 0.01189101 0.07249388
v 0.1007218 0.01143876 0.07249388
v 0.1007218 0.01189101 0.07068485
v 0.1007218 0.01098651 0.07158935
v 0.1007218 0.009629726 0.06978032
v 0.1007218 0.009629726 0.07158935
v 0.1020786 0.01415232 0.07158935
v 0.1007218 0.01415232 0.07158935
v 0.101174 0.0155091 0.07158935
v 0.1025308 0.01505685 0.07158935
v 0.1025308 0.01505685 0.06978032
v 0.1020786 0.009629726 0.06978032
v 0.1020786 0.01234329 0.07068485
v 0.1020786 0.01143876 0.0711371
v 0.1020786 0.01324779 0.0711371
v 0.1020786 0.01415232 0.07158935
v 0.1025308 0.01505685 0.07158935
v 0.1020786 0.01324779 0.07249388
v 0.1020786 0.01370007 0.07294613
v 0.1020786 0.01234329 0.07294613
v 0.1020786 0.01234329 0.07339841
v 0.1020786 0.01143876 0.07294613
v 0.1020786 0.01143876 0.07249388
v 0.1020786 0.01053423 0.07158935
v 0.1020786 0.009629726 0.07158935
v 0.1020786 0.01234329 0.07339841
v 0.1007218 0.01234329 0.07294613
v 0.1007218 0.01370007 0.07249388
v 0.1020786 0.01370007 0.07294613
v 0.1007218 0.01415232 0.07158935
v 0.1020786 0.01415232 0.07158935
v 0.1007218 0.01143876 0.07249388
v 0.1020786 0.01143876 0.07294613
v 0.1007218 0.01098651 0.07158935
v 0.1020786 0.01053423 0.07158935
v 0.101174 0.01324779 0.07068485
v 0.1020786 0.01324779 0.0711371
v 0.1020786 0.01234329 0.07068485
v 0.101174 0.01234329 0.07023257
v 0.1007218 0.01324779 0.07249388
v 0.1020786 0.01324779 0.07249388
v 0.1007218 0.01234329 0.07249388
v 0.1020786 0.01234329 0.07294613
v 0.1007218 0.01189101 0.07068485
v 0.1020786 0.01143876 0.0711371
v 0.1020786 0.01143876 0.07249388
v 0.1007218 0.01189101 0.07249388
v 0.1007218 0.01189101 0.07249388
v 0.1020786 0.01143876 0.07249388
v 0.1020786 0.01053423 0.07158935
v 0.1020786 0.009629726 0.07158935
v 0.1007218 0.009629726 0.07158935
v 0.1007218 0.01098651 0.07158935
v 0.05323446 0.01324779 0.01957944
v 0.05323446 0.01867491 0.01957944
v 0.04373699 0.01957944 0.01460457
v 0.04328471 0.01370007 0.01415232
v 0.05323446 0.01324779 0.01957944
v 0.05504349 0.01324779 0.02681559
v 0.05549574 0.01867491 0.02681559
v 0.05323446 0.01867491 0.01957944
v 0.05323446 0.01867491 0.01957944
v 0.05549574 0.01867491 0.02681559
v 0.04283246 0.01957944 0.02500656
v 0.04373699 0.01957944 0.01460457
v 0.04328471 0.01370007 0.01415232
v 0.04238021 0.01370007 0.02500656
v 0.05323446 0.01324779 0.01957944
v 0.05504349 0.01324779 0.02681559
v -0.0335995 0.02636334 0.01957944
v -0.03540856 0.02184075 0.01731813
v -0.03179047 0.02500656 0.0155091
v -0.03540856 0.02274525 0.02274525
v -0.03495628 0.01822266 0.02138847
v -0.03314725 0.01686588 0.01731813
v -0.03133821 0.02048397 0.01460457
v -0.03179047 0.02500656 0.0155091
v -0.0290769 0.01912719 0.04128793
v -0.02862465 0.01912719 0.04400149
v -0.02817237 0.02319753 0.04400149
v -0.02862465 0.02319753 0.04128793
v -0.02591109 0.01867491 0.04671505
v -0.02591109 0.02319753 0.04671505
v -0.03179047 0.01912719 0.0403834
v -0.03179047 0.02364978 0.0403834
v -0.02952915 0.02319753 0.04490602
v -0.02998143 0.01912719 0.04490602
v -0.02636334 0.02319753 0.04761958
v -0.02636334 0.01867491 0.04761958
v -0.02184075 0.02274525 0.04807183
v -0.02184075 0.01867491 0.04807183
v -0.01731813 0.022293 0.04581052
v -0.01731813 0.01822266 0.04581052
v -0.0290769 0.01912719 0.04128793
v -0.03179047 0.01912719 0.0403834
v -0.02998143 0.01912719 0.04490602
v -0.02862465 0.01912719 0.04400149
v -0.02636334 0.01867491 0.04761958
v -0.02591109 0.01867491 0.04671505
v -0.02184075 0.01867491 0.04807183
v -0.02274525 0.01867491 0.04671505
v -0.01731813 0.01822266 0.04581052
v -0.02003169 0.01822266 0.04490602
v -0.02003169 0.02274525 0.04490602
v -0.01731813 0.022293 0.04581052
v -0.02184075 0.02274525 0.04807183
v -0.022293 0.02274525 0.04671505
v -0.02636334 0.02319753 0.04761958
v -0.02591109 0.02319753 0.04671505
v -0.02952915 0.02319753 0.04490602
v -0.02817237 0.02319753 0.04400149
v -0.03179047 0.02364978 0.0403834
v -0.02862465 0.02319753 0.04128793
v -0.02591109 0.02319753 0.04671505
v -0.02591109 0.01867491 0.04671505
v -0.02274525 0.01867491 0.04671505
v -0.022293 0.02274525 0.04671505
v -0.02003169 0.01822266 0.04490602
v -0.02003169 0.02274525 0.04490602
v -0.03631306 0.02003169 0.02591109
v -0.03721759 0.02003169 0.02681559
v -0.03721759 0.02319753 0.02681559
v -0.03586081 0.02319753 0.02591109
v -0.03766984 0.02003169 0.02998143
v -0.03721759 0.02319753 0.02998143
v -0.03631306 0.02003169 0.02410203
v -0.03631306 0.02319753 0.02410203
v -0.03812212 0.02319753 0.02636334
v -0.03812212 0.02048397 0.02636334
v -0.03812212 0.02319753 0.02998143
v -0.03812212 0.02048397 0.02998143
v -0.03540856 0.02319753 0.03314725
v -0.03586081 0.02003169 0.03314725
v -0.03631306 0.02003169 0.02591109
v -0.03631306 0.02003169 0.02410203
v -0.03812212 0.02048397 0.02636334
v -0.03721759 0.02003169 0.02681559
v -0.03812212 0.02048397 0.02998143
v -0.03766984 0.02003169 0.02998143
v -0.03586081 0.02003169 0.03314725
v -0.03586081 0.02003169 0.03133821
v -0.03586081 0.02319753 0.03133821
v -0.03540856 0.02319753 0.03314725
v -0.03812212 0.02319753 0.02998143
v -0.03721759 0.02319753 0.02998143
v -0.03812212 0.02319753 0.02636334
v -0.03721759 0.02319753 0.02681559
v -0.03631306 0.02319753 0.02410203
v -0.03586081 0.02319753 0.02591109
v -0.03721759 0.02319753 0.02998143
v -0.03766984 0.02003169 0.02998143
v -0.03586081 0.02003169 0.03133821
v -0.03586081 0.02319753 0.03133821
v -0.01189101 0.03179047 0.03133821
v -0.01641363 0.03179047 0.032695
v -0.01641363 0.02998143 0.032695
v -0.01189101 0.02952915 0.03133821
v 0.04961637 0.02862465 0.06028286
v 0.04961637 0.02636334 0.06028286
v 0.1156463 0.022293 0.06887579
v 0.1156463 0.02410203 0.06887579
v -0.01957944 0.03224272 0.03586081
v -0.01957944 0.02998143 0.03586081
v 0.04961637 0.02862465 0.06028286
v 0.04780734 0.02862465 0.07656422
v -0.01867491 0.03224272 0.04581052
v -0.01189101 0.03179047 0.03133821
v -0.02048397 0.03224272 0.04128793
v -0.01641363 0.03179047 0.032695
v -0.01957944 0.03224272 0.03586081
v 0.05323446 0.02817237 0.07158935
v 0.05323446 0.02817237 0.06751901
v 0.05594802 0.02817237 0.0643532
v 0.05956608 0.02772012 0.0643532
v 0.07177711 0.02681559 0.06570998
v 0.06815904 0.02726787 0.06751901
v 0.06273192 0.02772012 0.06706676
v 0.06680226 0.02726787 0.0711371
v 0.06318417 0.02772012 0.07068485
v 0.06861129 0.02726787 0.07475519
v 0.06047061 0.02772012 0.07385066
v 0.07268164 0.02681559 0.07611197
v 0.05640027 0.02817237 0.07430291
v 0.08489266 0.02591109 0.077921
v 0.07629973 0.02681559 0.07430291
v 0.08172685 0.02636334 0.07520744
v 0.08127457 0.02636334 0.0711371
v 0.07765651 0.02681559 0.07068485
v 0.07584745 0.02681559 0.06706676
v 0.08805847 0.02591109 0.06797129
v 0.08398813 0.02636334 0.06797129
v 0.1210735 0.02364978 0.08560944
v 0.09891272 0.02500656 0.07973003
v 0.088963 0.02591109 0.07746875
v 0.0957469 0.02545881 0.07701647
v 0.09122431 0.02591109 0.07430291
v 0.09619915 0.02545881 0.07204163
v 0.09122431 0.02591109 0.07023257
v 0.1002695 0.02500656 0.06932807
v 0.1156463 0.02410203 0.06887579
v 0.1043398 0.02500656 0.07068485
v 0.1151941 0.02410203 0.0711371
v 0.1228825 0.02364978 0.07204163
v 0.1056966 0.02455431 0.07430291
v 0.1047921 0.02455431 0.077921
v 0.1020786 0.02500656 0.07973003
v 0.04735506 0.02636334 0.07656422
v -0.01867491 0.02998143 0.04581052
v -0.01867491 0.03224272 0.04581052
v 0.04780734 0.02862465 0.07656422
v 0.1210735 0.02364978 0.08560944
v 0.1210735 0.02138847 0.08560944
v -0.02048397 0.02998143 0.04128793
v -0.02048397 0.03224272 0.04128793
v -0.01957944 0.02998143 0.03586081
v -0.01957944 0.03224272 0.03586081
v 0.04735506 0.02636334 0.07656422
v 0.04961637 0.02636334 0.06028286
v -0.01189101 0.02952915 0.03133821
v -0.01867491 0.02998143 0.04581052
v -0.02048397 0.02998143 0.04128793
v -0.01641363 0.02998143 0.032695
v -0.01957944 0.02998143 0.03586081
v 0.05278218 0.02636334 0.06751901
v 0.05549574 0.02591109 0.0643532
v 0.05956608 0.02591109 0.0643532
v 0.05323446 0.02636334 0.07158935
v 0.07177711 0.02500656 0.06570998
v 0.06273192 0.02545881 0.06661451
v 0.06815904 0.02500656 0.06751901
v 0.06273192 0.02545881 0.07068485
v 0.06680226 0.02545881 0.0711371
v 0.06861129 0.02500656 0.07475519
v 0.06047061 0.02545881 0.07385066
v 0.05640027 0.02591109 0.07430291
v 0.07268164 0.02500656 0.07611197
v 0.1210735 0.02138847 0.08560944
v 0.08444041 0.02410203 0.077921
v 0.08172685 0.02410203 0.07520744
v 0.07584745 0.02455431 0.07430291
v 0.08127457 0.02410203 0.0711371
v 0.07720423 0.02455431 0.07068485
v 0.08398813 0.02410203 0.06797129
v 0.0753952 0.02455431 0.06706676
v 0.08805847 0.02410203 0.06797129
v 0.09891272 0.02319753 0.07973003
v 0.08851075 0.02364978 0.07746875
v 0.0957469 0.02319753 0.07701647
v 0.09122431 0.02364978 0.07430291
v 0.09619915 0.02319753 0.07204163
v 0.09122431 0.02364978 0.07023257
v 0.1002695 0.02319753 0.06932807
v 0.1156463 0.022293 0.06887579
v 0.1038876 0.02274525 0.07068485
v 0.1151941 0.022293 0.0711371
v 0.1056966 0.02274525 0.07430291
v 0.1043398 0.02274525 0.077921
v 0.1228825 0.02138847 0.07204163
v 0.1020786 0.02274525 0.07973003
v 0.1228825 0.02364978 0.07204163
v 0.1228825 0.02138847 0.07204163
v 0.1210735 0.02138847 0.08560944
v 0.1210735 0.02364978 0.08560944
v 0.1151941 0.022293 0.0711371
v 0.1151941 0.02410203 0.0711371
v 0.1156463 0.02410203 0.06887579
v 0.1156463 0.022293 0.06887579
v 0.1228825 0.02138847 0.07204163
v 0.1228825 0.02364978 0.07204163
v 0.1151941 0.02410203 0.0711371
v 0.1151941 0.022293 0.0711371
v 0.08172685 0.02636334 0.07520744
v 0.08172685 0.02410203 0.07520744
v 0.08444041 0.02410203 0.077921
v 0.08489266 0.02591109 0.077921
v 0.08127457 0.02636334 0.0711371
v 0.08127457 0.02410203 0.0711371
v 0.08398813 0.02636334 0.06797129
v 0.08398813 0.02410203 0.06797129
v 0.08805847 0.02591109 0.06797129
v 0.08805847 0.02410203 0.06797129
v 0.08489266 0.02591109 0.077921
v 0.08444041 0.02410203 0.077921
v 0.08851075 0.02364978 0.07746875
v 0.088963 0.02591109 0.07746875
v 0.09122431 0.02364978 0.07430291
v 0.09122431 0.02591109 0.07430291
v 0.09122431 0.02591109 0.07023257
v 0.09122431 0.02364978 0.07023257
v 0.08805847 0.02410203 0.06797129
v 0.08805847 0.02591109 0.06797129
v 0.1020786 0.02500656 0.07973003
v 0.1020786 0.02274525 0.07973003
v 0.1043398 0.02274525 0.077921
v 0.1047921 0.02455431 0.077921
v 0.1056966 0.02274525 0.07430291
v 0.1056966 0.02455431 0.07430291
v 0.1038876 0.02274525 0.07068485
v 0.1043398 0.02500656 0.07068485
v 0.1002695 0.02319753 0.06932807
v 0.1002695 0.02500656 0.06932807
v 0.09891272 0.02500656 0.07973003
v 0.09891272 0.02319753 0.07973003
v 0.05956608 0.02772012 0.0643532
v 0.05956608 0.02591109 0.0643532
v 0.05549574 0.02591109 0.0643532
v 0.05594802 0.02817237 0.0643532
v 0.05278218 0.02636334 0.06751901
v 0.05323446 0.02817237 0.06751901
v 0.05323446 0.02636334 0.07158935
v 0.05323446 0.02817237 0.07158935
v 0.05640027 0.02591109 0.07430291
v 0.05640027 0.02817237 0.07430291
v 0.05640027 0.02817237 0.07430291
v 0.05640027 0.02591109 0.07430291
v 0.06047061 0.02545881 0.07385066
v 0.06047061 0.02772012 0.07385066
v 0.06273192 0.02545881 0.07068485
v 0.06318417 0.02772012 0.07068485
v 0.06273192 0.02545881 0.06661451
v 0.06273192 0.02772012 0.06706676
v 0.05956608 0.02591109 0.0643532
v 0.05956608 0.02772012 0.0643532
v 0.07584745 0.02681559 0.06706676
v 0.0753952 0.02455431 0.06706676
v 0.07177711 0.02500656 0.06570998
v 0.07177711 0.02681559 0.06570998
v 0.07765651 0.02681559 0.07068485
v 0.07720423 0.02455431 0.07068485
v 0.07629973 0.02681559 0.07430291
v 0.07584745 0.02455431 0.07430291
v 0.07268164 0.02681559 0.07611197
v 0.07268164 0.02500656 0.07611197
v 0.07177711 0.02681559 0.06570998
v 0.07177711 0.02500656 0.06570998
v 0.06815904 0.02500656 0.06751901
v 0.06815904 0.02726787 0.06751901
v 0.06680226 0.02545881 0.0711371
v 0.06680226 0.02726787 0.0711371
v 0.06861129 0.02500656 0.07475519
v 0.06861129 0.02726787 0.07475519
v 0.07268164 0.02500656 0.07611197
v 0.07268164 0.02681559 0.07611197
v 0.1002695 0.02500656 0.06932807
v 0.1002695 0.02319753 0.06932807
v 0.09619915 0.02319753 0.07204163
v 0.09619915 0.02545881 0.07204163
v 0.0957469 0.02319753 0.07701647
v 0.0957469 0.02545881 0.07701647
v 0.09891272 0.02319753 0.07973003
v 0.09891272 0.02500656 0.07973003
v -0.01324779 0.008725196 0.03133821
v -0.01324779 0.01053423 0.03133821
v -0.01777041 0.01098651 0.03224272
v -0.01777041 0.008725196 0.03224272
v 0.04825959 0.003298074 0.05983061
v 0.04825959 0.005559385 0.05983061
v 0.1138373 0.001036763 0.06842354
v 0.1138373 -0.0007722676 0.06842354
v -0.02093622 0.009177446 0.03586081
v -0.02093622 0.01098651 0.03586081
v 0.04825959 0.003298074 0.05983061
v -0.01324779 0.008725196 0.03133821
v -0.02003169 0.008725196 0.04581052
v 0.04599828 0.003298074 0.07611197
v -0.02184075 0.009177446 0.04128793
v -0.01777041 0.008725196 0.03224272
v -0.02093622 0.009177446 0.03586081
v 0.05187768 0.002845824 0.0711371
v 0.0514254 0.003298074 0.06751901
v 0.05413896 0.002845824 0.0643532
v 0.0582093 0.002845824 0.06390095
v 0.07042032 0.001941293 0.06570998
v 0.06680226 0.001941293 0.06751901
v 0.06092286 0.002393544 0.06661451
v 0.06544548 0.001941293 0.0711371
v 0.06137514 0.002393544 0.07068485
v 0.06725451 0.001941293 0.07475519
v 0.05866158 0.002393544 0.07385066
v 0.0708726 0.001941293 0.07611197
v 0.05459124 0.002845824 0.07385066
v 0.08308363 0.001036763 0.07746875
v 0.07449067 0.001489043 0.07430291
v 0.07991779 0.001036763 0.07475519
v 0.07991779 0.001036763 0.0711371
v 0.07584745 0.001489043 0.07023257
v 0.07403842 0.001489043 0.06661451
v 0.08670169 0.001036763 0.06751901
v 0.08263135 0.001036763 0.06797129
v 0.1197167 -0.001224518 0.08560944
v 0.09755594 0.0001322627 0.07927778
v 0.08715397 0.0005845129 0.07746875
v 0.09439012 0.0001322627 0.07656422
v 0.08986753 0.0005845129 0.07430291
v 0.09439012 0.0001322627 0.07158935
v 0.08941525 0.0005845129 0.07023257
v 0.09846047 0.0001322627 0.06932807
v 0.1138373 -0.0007722676 0.06842354
v 0.1025308 -0.0003200173 0.07068485
v 0.1138373 -0.0007722676 0.07068485
v 0.1210735 -0.001224518 0.07204163
v 0.1043398 -0.0003200173 0.07385066
v 0.1029831 -0.0003200173 0.077921
v 0.1002695 -0.0003200173 0.07973003
v 0.04599828 0.005559385 0.07611197
v 0.04599828 0.003298074 0.07611197
v -0.02003169 0.008725196 0.04581052
v -0.02003169 0.01098651 0.04581052
v 0.1197167 -0.001224518 0.08560944
v 0.1197167 0.0005845129 0.08560944
v -0.02184075 0.01098651 0.04128793
v -0.02184075 0.009177446 0.04128793
v -0.02093622 0.01098651 0.03586081
v -0.02093622 0.009177446 0.03586081
v 0.04599828 0.005559385 0.07611197
v -0.02003169 0.01098651 0.04581052
v -0.01324779 0.01053423 0.03133821
v 0.04825959 0.005559385 0.05983061
v -0.02184075 0.01098651 0.04128793
v -0.01777041 0.01098651 0.03224272
v -0.02093622 0.01098651 0.03586081
v 0.0514254 0.005107105 0.06751901
v 0.05413896 0.005107105 0.0643532
v 0.0582093 0.004654855 0.06390095
v 0.05187768 0.005107105 0.07158935
v 0.05504349 0.004654855 0.07385066
v 0.07132486 0.003750324 0.07611197
v 0.06725451 0.004202604 0.07475519
v 0.05911383 0.004654855 0.07385066
v 0.06137514 0.004654855 0.07068485
v 0.06544548 0.004202604 0.0711371
v 0.06680226 0.004202604 0.06751901
v 0.06137514 0.004654855 0.06661451
v 0.07042032 0.003750324 0.06570998
v 0.08670169 0.002845824 0.06751901
v 0.07403842 0.003750324 0.06661451
v 0.08263135 0.003298074 0.06797129
v 0.07584745 0.003750324 0.07023257
v 0.07991779 0.003298074 0.0711371
v 0.07449067 0.003750324 0.07430291
v 0.08037007 0.003298074 0.07475519
v 0.08308363 0.002845824 0.07746875
v 0.1138373 0.001036763 0.06842354
v 0.09891272 0.001941293 0.06932807
v 0.08986753 0.002845824 0.07023257
v 0.09484237 0.002393544 0.07204163
v 0.08986753 0.002845824 0.07430291
v 0.09439012 0.002393544 0.07656422
v 0.08715397 0.002845824 0.07746875
v 0.09755594 0.001941293 0.07927778
v 0.1197167 0.0005845129 0.08560944
v 0.1007218 0.001941293 0.07973003
v 0.1029831 0.001941293 0.077921
v 0.1138373 0.001036763 0.07068485
v 0.1215257 0.0005845129 0.07204163
v 0.1025308 0.001941293 0.07068485
v 0.1043398 0.001489043 0.07385066
v 0.1210735 -0.001224518 0.07204163
v 0.1197167 -0.001224518 0.08560944
v 0.1197167 0.0005845129 0.08560944
v 0.1215257 0.0005845129 0.07204163
v 0.1138373 0.001036763 0.07068485
v 0.1138373 0.001036763 0.06842354
v 0.1138373 -0.0007722676 0.06842354
v 0.1138373 -0.0007722676 0.07068485
v 0.1215257 0.0005845129 0.07204163
v 0.1138373 0.001036763 0.07068485
v 0.1138373 -0.0007722676 0.07068485
v 0.1210735 -0.001224518 0.07204163
v 0.07991779 0.001036763 0.07475519
v 0.08308363 0.001036763 0.07746875
v 0.08308363 0.002845824 0.07746875
v 0.08037007 0.003298074 0.07475519
v 0.07991779 0.001036763 0.0711371
v 0.07991779 0.003298074 0.0711371
v 0.08263135 0.001036763 0.06797129
v 0.08263135 0.003298074 0.06797129
v 0.08670169 0.001036763 0.06751901
v 0.08670169 0.002845824 0.06751901
v 0.08308363 0.001036763 0.07746875
v 0.08715397 0.0005845129 0.07746875
v 0.08715397 0.002845824 0.07746875
v 0.08308363 0.002845824 0.07746875
v 0.08986753 0.002845824 0.07430291
v 0.08986753 0.0005845129 0.07430291
v 0.08941525 0.0005845129 0.07023257
v 0.08986753 0.002845824 0.07023257
v 0.08670169 0.002845824 0.06751901
v 0.08670169 0.001036763 0.06751901
v 0.1002695 -0.0003200173 0.07973003
v 0.1029831 -0.0003200173 0.077921
v 0.1029831 0.001941293 0.077921
v 0.1007218 0.001941293 0.07973003
v 0.1043398 0.001489043 0.07385066
v 0.1043398 -0.0003200173 0.07385066
v 0.1025308 0.001941293 0.07068485
v 0.1025308 -0.0003200173 0.07068485
v 0.09891272 0.001941293 0.06932807
v 0.09846047 0.0001322627 0.06932807
v 0.09755594 0.0001322627 0.07927778
v 0.09755594 0.001941293 0.07927778
v 0.0582093 0.002845824 0.06390095
v 0.05413896 0.002845824 0.0643532
v 0.05413896 0.005107105 0.0643532
v 0.0582093 0.004654855 0.06390095
v 0.0514254 0.005107105 0.06751901
v 0.0514254 0.003298074 0.06751901
v 0.05187768 0.005107105 0.07158935
v 0.05187768 0.002845824 0.0711371
v 0.05504349 0.004654855 0.07385066
v 0.05459124 0.002845824 0.07385066
v 0.05459124 0.002845824 0.07385066
v 0.05866158 0.002393544 0.07385066
v 0.05911383 0.004654855 0.07385066
v 0.05504349 0.004654855 0.07385066
v 0.06137514 0.004654855 0.07068485
v 0.06137514 0.002393544 0.07068485
v 0.06137514 0.004654855 0.06661451
v 0.06092286 0.002393544 0.06661451
v 0.0582093 0.004654855 0.06390095
v 0.0582093 0.002845824 0.06390095
v 0.07403842 0.001489043 0.06661451
v 0.07042032 0.001941293 0.06570998
v 0.07042032 0.003750324 0.06570998
v 0.07403842 0.003750324 0.06661451
v 0.07584745 0.001489043 0.07023257
v 0.07584745 0.003750324 0.07023257
v 0.07449067 0.001489043 0.07430291
v 0.07449067 0.003750324 0.07430291
v 0.0708726 0.001941293 0.07611197
v 0.07132486 0.003750324 0.07611197
v 0.07042032 0.001941293 0.06570998
v 0.06680226 0.001941293 0.06751901
v 0.06680226 0.004202604 0.06751901
v 0.07042032 0.003750324 0.06570998
v 0.06544548 0.004202604 0.0711371
v 0.06544548 0.001941293 0.0711371
v 0.06725451 0.004202604 0.07475519
v 0.06725451 0.001941293 0.07475519
v 0.07132486 0.003750324 0.07611197
v 0.0708726 0.001941293 0.07611197
v 0.09846047 0.0001322627 0.06932807
v 0.09439012 0.0001322627 0.07158935
v 0.09484237 0.002393544 0.07204163
v 0.09891272 0.001941293 0.06932807
v 0.09439012 0.002393544 0.07656422
v 0.09439012 0.0001322627 0.07656422
v 0.09755594 0.001941293 0.07927778
v 0.09755594 0.0001322627 0.07927778
v 0.2567515 -0.008460701 0.04897636
v 0.2097165 -0.005294859 0.04309696
v 0.2074552 -0.004390359 0.05983061
v 0.2544902 -0.00755617 0.07430291
v 0.2088119 0.0155091 0.05983061
v 0.2110732 0.01641363 0.04354924
v 0.2585606 0.01324779 0.04942861
v 0.255847 0.01234329 0.07430291
v 0.2088119 0.0155091 0.05983061
v 0.255847 0.01234329 0.07430291
v 0.09710369 0.02184075 0.0539512
v 0.1400684 0.02003169 0.05123764
v 0.09800822 0.02184075 0.0462628
v 0.2544902 -0.00755617 0.07430291
v 0.2074552 -0.004390359 0.05983061
v 0.1387116 0.0001322627 0.05078539
v 0.0957469 0.003750324 0.05349895
v 0.09665143 0.003750324 0.0462628
v 0.09665143 0.003750324 0.0462628
v 0.1387116 0.0001322627 0.05078539
v 0.09439012 0.002393544 0.04490602
v 0.0957469 0.02364978 0.04490602
v 0.1400684 0.02003169 0.05123764
v 0.09800822 0.02184075 0.0462628
v 0.04509377 0.008725196 0.02500656
v 0.06047061 0.007820666 0.02591109
v 0.06047061 0.007820666 0.02364978
v 0.04554603 0.008725196 0.02048397
v 0.04418924 0.008725196 0.022293
v 0.04509377 0.008725196 0.02500656
v 0.04554603 0.01370007 0.02500656
v 0.06047061 0.01279554 0.02591109
v 0.06047061 0.007820666 0.02591109
v 0.04599828 0.01370007 0.02048397
v 0.04554603 0.008725196 0.02048397
v 0.06047061 0.007820666 0.02364978
v 0.06092286 0.01279554 0.02364978
v 0.06047061 0.007820666 0.02364978
v 0.06047061 0.007820666 0.02591109
v 0.06047061 0.01279554 0.02591109
v 0.06092286 0.01279554 0.02364978
v 0.04554603 0.008725196 0.02048397
v 0.04599828 0.01370007 0.02048397
v 0.04418924 0.01370007 0.02274525
v 0.04418924 0.008725196 0.022293
v 0.04418924 0.008725196 0.022293
v 0.04418924 0.01370007 0.02274525
v 0.04554603 0.01370007 0.02500656
v 0.04509377 0.008725196 0.02500656
v 0.2544902 0.002393544 0.06751901
v 0.3345403 -0.002581298 0.07701647
v 0.3345403 0.001941293 0.07882553
v 0.2549425 0.006916165 0.06932807
v 0.3336357 0.003298074 0.08606169
v 0.2535857 0.006916165 0.077921
v 0.3327312 -0.002581298 0.09013203
v 0.2531334 0.002393544 0.07927778
v 0.2531334 0.002393544 0.07927778
v 0.3327312 -0.002581298 0.09013203
v 0.3331835 -0.008460701 0.08606169
v 0.2531334 -0.001676798 0.07746875
v 0.254038 -0.001676798 0.06932807
v 0.334088 -0.00755617 0.07882553
v 0.3345403 -0.002581298 0.07701647
v 0.2544902 0.002393544 0.06751901
v 0.3345403 0.001941293 0.07882553
v 0.3345403 -0.002581298 0.07701647
v 0.3634849 -0.004842609 0.07973003
v 0.3634849 0.0005845129 0.08199134
v 0.3336357 0.003298074 0.08606169
v 0.3630327 0.002845824 0.08741847
v 0.3621281 0.0005845129 0.09239334
v 0.3327312 -0.002581298 0.09013203
v 0.3616759 -0.004842609 0.09465462
v 0.3331835 -0.008460701 0.08606169
v 0.3327312 -0.002581298 0.09013203
v 0.3616759 -0.004842609 0.09465462
v 0.3612236 -0.009817481 0.09239334
v 0.3621281 -0.01207876 0.08696622
v 0.334088 -0.00755617 0.07882553
v 0.3625804 -0.01026973 0.08199134
v 0.3345403 -0.002581298 0.07701647
v 0.3634849 -0.004842609 0.07973003
v 0.3616759 -0.004842609 0.09465462
v 0.3621281 0.0005845129 0.09239334
v 0.3634849 0.0005845129 0.08199134
v 0.3634849 -0.004842609 0.07973003
v 0.3625804 -0.01026973 0.08199134
v 0.3612236 -0.009817481 0.09239334
v 0.3621281 -0.01207876 0.08696622
v 0.3630327 0.002845824 0.08741847
v 0.1640382 -0.00710392 0.09239334
v 0.1658472 -0.00665164 0.07475519
v 0.1147418 -0.001676798 0.07023257
v 0.1124805 -0.001676798 0.08606169
v 0.1124805 -0.001676798 0.08606169
v 0.1147418 -0.001676798 0.07023257
v 0.1147418 -0.001224518 0.0711371
v 0.1129328 -0.0003200173 0.08606169
v 0.1165509 0.02500656 0.07023257
v 0.1160986 0.02410203 0.07158935
v 0.1142896 0.02500656 0.08606169
v 0.1142896 0.02319753 0.08606169
v 0.1129328 -0.0003200173 0.08606169
v 0.1147418 -0.001224518 0.0711371
v 0.165395 -0.004390359 0.07701647
v 0.1328322 -0.001676798 0.08787072
v 0.1635859 -0.004390359 0.09148881
v 0.165395 -0.004390359 0.07701647
v 0.1147418 -0.001224518 0.0711371
v 0.1160986 0.02410203 0.07158935
v 0.167204 0.02093622 0.07701647
v 0.1640382 -0.00710392 0.09239334
v 0.1328322 -0.001676798 0.088323
v 0.1436865 0.006011635 0.08967978
v 0.1464 0.006463885 0.09013203
v 0.1482091 0.009177446 0.09058428
v 0.1658472 0.02319753 0.09284559
v 0.1468523 0.01234329 0.09013203
v 0.1414252 0.007820666 0.08967978
v 0.1405207 0.009629726 0.08967978
v 0.1346413 0.02184075 0.08877525
v 0.1414252 0.01189101 0.08967978
v 0.1441387 0.01279554 0.08967978
v 0.1328322 -0.001676798 0.08787072
v 0.1346413 0.02184075 0.08787072
v 0.1346413 0.02184075 0.08877525
v 0.1328322 -0.001676798 0.088323
v 0.1147418 -0.001676798 0.07023257
v 0.1658472 -0.00665164 0.07475519
v 0.1681085 0.02274525 0.07520744
v 0.1165509 0.02500656 0.07023257
v 0.1658472 0.02319753 0.09284559
v 0.1142896 0.02500656 0.08606169
v 0.1165509 0.02500656 0.07023257
v 0.1681085 0.02274525 0.07520744
v 0.167204 0.02093622 0.07701647
v 0.1160986 0.02410203 0.07158935
v 0.1142896 0.02319753 0.08606169
v 0.1346413 0.02184075 0.08787072
v 0.1649427 0.02093622 0.09148881
v 0.1346413 0.02184075 0.08877525
v 0.1346413 0.02184075 0.08877525
v 0.1142896 0.02319753 0.08606169
v 0.1142896 0.02500656 0.08606169
v 0.1658472 0.02319753 0.09284559
v 0.1662995 0.01234329 0.08380038
v 0.1658472 0.01189101 0.08741847
v 0.1658472 0.02319753 0.09284559
v 0.1681085 0.02274525 0.07520744
v 0.1662995 0.01053423 0.08153909
v 0.1662995 0.008272946 0.08063456
v 0.165395 0.009629726 0.08877525
v 0.165395 0.008272946 0.0892275
v 0.1640382 -0.00710392 0.09239334
v 0.1649427 0.006463885 0.08877525
v 0.165395 0.004654855 0.08696622
v 0.165395 0.004202604 0.08380038
v 0.1658472 -0.00665164 0.07475519
v 0.1662995 0.008272946 0.08063456
v 0.1681085 0.02274525 0.07520744
v 0.1658472 -0.00665164 0.07475519
v 0.1658472 0.005559385 0.08153909
v 0.1662995 0.008272946 0.08063456
v 0.165395 0.004202604 0.08380038
v 0.1662995 0.01234329 0.08380038
v 0.167204 0.02093622 0.07701647
v 0.1649427 0.02093622 0.09148881
v 0.1662995 0.01053423 0.08153909
v 0.1658472 0.01189101 0.08741847
v 0.165395 0.009629726 0.08877525
v 0.165395 0.008272946 0.0892275
v 0.1635859 -0.004390359 0.09148881
v 0.1649427 0.006463885 0.08877525
v 0.165395 0.004654855 0.08696622
v 0.165395 -0.004390359 0.07701647
v 0.165395 0.004202604 0.08380038
v 0.1658472 0.005559385 0.08153909
v 0.1662995 0.008272946 0.08063456
v 0.1441387 0.01279554 0.08967978
v 0.1468523 0.01234329 0.09013203
v 0.1649427 0.02093622 0.09148881
v 0.1346413 0.02184075 0.08787072
v 0.1414252 0.01189101 0.08967978
v 0.1482091 0.009177446 0.09058428
v 0.1635859 -0.004390359 0.09148881
v 0.1464 0.006463885 0.09013203
v 0.1436865 0.006011635 0.08967978
v 0.1328322 -0.001676798 0.08787072
v 0.1405207 0.009629726 0.08967978
v 0.1414252 0.007820666 0.08967978
v 0.2793645 0.007820666 0.05349895
v 0.2793645 0.001036763 0.05078539
v 0.2816258 0.001036763 0.05123764
v 0.2816258 0.007368416 0.0539512
v 0.2780077 0.007820666 0.06661451
v 0.2802691 0.007368416 0.06661451
v 0.2771032 0.001036763 0.06932807
v 0.2780077 0.007820666 0.06661451
v 0.2802691 0.007368416 0.06661451
v 0.2793645 0.001036763 0.06887579
v 0.2771032 -0.005747139 0.06661451
v 0.2771032 0.001036763 0.06932807
v 0.2793645 0.001036763 0.06887579
v 0.2793645 -0.005294859 0.06661451
v 0.27846 -0.005747139 0.05349895
v 0.2771032 -0.005747139 0.06661451
v 0.2793645 -0.005294859 0.06661451
v 0.2807213 -0.005294859 0.0539512
v 0.2793645 0.001036763 0.05078539
v 0.27846 -0.005747139 0.05349895
v 0.2807213 -0.005294859 0.0539512
v 0.2816258 0.001036763 0.05123764
v 0.2793645 0.001036763 0.05078539
v 0.2793645 0.007820666 0.05349895
v 0.257656 0.009177446 0.05033314
v 0.257656 0.002393544 0.04761958
v 0.2793645 0.007820666 0.05349895
v 0.255847 0.009177446 0.06390095
v 0.2780077 0.007820666 0.06661451
v 0.2780077 0.007820666 0.06661451
v 0.2771032 0.001036763 0.06932807
v 0.2553948 0.002393544 0.06661451
v 0.255847 0.009177446 0.06390095
v 0.2771032 0.001036763 0.06932807
v 0.2771032 -0.005747139 0.06661451
v 0.2549425 -0.004390359 0.06390095
v 0.2553948 0.002393544 0.06661451
v 0.2771032 -0.005747139 0.06661451
v 0.27846 -0.005747139 0.05349895
v 0.2567515 -0.004390359 0.05033314
v 0.2549425 -0.004390359 0.06390095
v 0.27846 -0.005747139 0.05349895
v 0.257656 0.002393544 0.04761958
v 0.2793645 0.001036763 0.05078539
v 0.2847916 0.005559385 0.05576026
v 0.2816258 0.007368416 0.0539512
v 0.2816258 0.001036763 0.05123764
v 0.2847916 0.0005845129 0.0539512
v 0.2847916 0.0005845129 0.0539512
v 0.2816258 0.001036763 0.05123764
v 0.2807213 -0.005294859 0.0539512
v 0.2843394 -0.003938079 0.05576026
v 0.2843394 -0.003938079 0.05576026
v 0.2807213 -0.005294859 0.0539512
v 0.2834349 -0.004842609 0.06299642
v 0.2793645 -0.005294859 0.06661451
v 0.2834349 -0.004842609 0.06299642
v 0.2793645 -0.005294859 0.06661451
v 0.2793645 0.001036763 0.06887579
v 0.2829826 0.0005845129 0.06751901
v 0.2829826 0.0005845129 0.06751901
v 0.2793645 0.001036763 0.06887579
v 0.2802691 0.007368416 0.06661451
v 0.2838871 0.006463885 0.06299642
v 0.2847916 0.0005845129 0.0539512
v 0.3612236 -0.004390359 0.06344867
v 0.3616759 0.0001322627 0.06570998
v 0.2847916 0.005559385 0.05576026
v 0.3612236 0.002393544 0.07023257
v 0.2838871 0.006463885 0.06299642
v 0.3603191 0.0001322627 0.07520744
v 0.3598668 -0.004390359 0.07701647
v 0.2829826 0.0005845129 0.06751901
v 0.2829826 0.0005845129 0.06751901
v 0.3598668 -0.004390359 0.07701647
v 0.3598668 -0.008912951 0.07475519
v 0.2834349 -0.004842609 0.06299642
v 0.3603191 -0.01117426 0.07023257
v 0.2843394 -0.003938079 0.05576026
v 0.3607714 -0.008912951 0.06570998
v 0.3612236 -0.004390359 0.06344867
v 0.2847916 0.0005845129 0.0539512
v 0.3607714 -0.008912951 0.06570998
v 0.3603191 -0.01117426 0.07023257
v 0.3598668 -0.008912951 0.07475519
v 0.3598668 -0.004390359 0.07701647
v 0.3612236 -0.004390359 0.06344867
v 0.3603191 0.0001322627 0.07520744
v 0.3616759 0.0001322627 0.06570998
v 0.3612236 0.002393544 0.07023257
v 0.1378071 0.02093622 0.02545881
v 0.1364503 0.02545881 0.03586081
v 0.1332845 0.02545881 0.03540856
v 0.134189 0.02093622 0.02545881
v 0.1305709 0.02545881 0.0539512
v 0.1350935 0.02455431 0.06073511
v 0.1373548 0.01053423 0.02138847
v 0.1495659 0.009629726 0.02681559
v 0.1495659 0.01957944 0.02998143
v 0.1491136 0.02410203 0.03766984
v 0.1364503 0.02545881 0.03586081
v 0.1337368 0.01053423 0.02184075
v 0.1350935 0.02455431 0.06073511
v 0.2042893 0.02048397 0.04445374
v 0.1495659 0.01957944 0.02998143
v 0.1970532 0.01641363 0.03676534
v 0.1970532 0.006463885 0.03314725
v 0.2427315 0.01777041 0.07430291
v 0.2413747 0.01686588 0.05033314
v 0.2590128 0.01641363 0.06797129
v 0.2626309 0.01596135 0.05802155
v 0.243636 0.01234329 0.04083568
v 0.2667013 0.01143876 0.0471673
v 0.2667013 0.001941293 0.04354924
v 0.243636 0.003298074 0.03721759
v 0.2128823 0.0155091 0.03540856
v 0.21243 0.005559385 0.03179047
v 0.1970532 0.01641363 0.03676534
v 0.1970532 0.006463885 0.03314725
v 0.2128823 0.0155091 0.03540856
v 0.2128823 0.0155091 0.03540856
v 0.2042893 0.02048397 0.04445374
v 0.1328322 0.02274525 0.03540856
v 0.1305709 0.02274525 0.0539512
v 0.2585606 0.01370007 0.06797129
v 0.2626309 0.01324779 0.05802155
v 0.2422792 0.01460457 0.07430291
v 0.1350935 0.022293 0.06073511
v 0.266249 0.01008198 0.04852408
v 0.1332845 0.01867491 0.03043368
v 0.134189 0.02093622 0.02545881
v 0.1332845 0.02545881 0.03540856
v 0.1328322 0.02274525 0.03540856
v 0.1332845 0.01867491 0.03043368
v 0.1337368 0.01053423 0.02184075
v 0.1332845 0.01053423 0.02772012
v 0.1305709 0.02274525 0.0539512
v 0.1305709 0.02545881 0.0539512
v 0.1350935 0.02455431 0.06073511
v 0.1350935 0.022293 0.06073511
v 0.1305709 0.02274525 0.0539512
v 0.1305709 0.02545881 0.0539512
v 0.2427315 0.01777041 0.07430291
v 0.2590128 0.01641363 0.06797129
v 0.2585606 0.01370007 0.06797129
v 0.2422792 0.01460457 0.07430291
v 0.1350935 0.02455431 0.06073511
v 0.1350935 0.022293 0.06073511
v 0.2590128 0.01641363 0.06797129
v 0.2626309 0.01596135 0.05802155
v 0.2626309 0.01324779 0.05802155
v 0.2667013 0.01143876 0.0471673
v 0.266249 0.01008198 0.04852408
v 0.266249 0.001941293 0.0462628
v 0.2667013 0.001941293 0.04354924
v 0.2585606 0.01370007 0.06797129
v 0.266249 0.01008198 0.04852408
v 0.266249 0.001941293 0.0462628
v 0.1332845 0.01053423 0.02772012
v 0.1332845 0.01867491 0.03043368
v 0.1364503 0.0001322627 0.02500656
v 0.1328322 0.0005845129 0.02545881
v 0.1310232 -0.003938079 0.03540856
v 0.1346413 -0.004842609 0.03586081
v 0.1287619 -0.003938079 0.0539512
v 0.1332845 -0.003938079 0.06073511
v 0.1373548 0.01053423 0.02138847
v 0.1495659 0.009629726 0.02681559
v 0.1482091 -0.0003200173 0.02998143
v 0.1473046 -0.004842609 0.03721759
v 0.1346413 -0.004842609 0.03586081
v 0.1337368 0.01053423 0.02184075
v 0.1332845 -0.003938079 0.06073511
v 0.2024803 -0.008460701 0.04445374
v 0.1482091 -0.0003200173 0.02998143
v 0.1956964 -0.003485829 0.03676534
v 0.1970532 0.006463885 0.03314725
v 0.21243 0.005559385 0.03179047
v 0.2115255 -0.004390359 0.03495628
v 0.2024803 -0.008460701 0.04445374
v 0.243636 0.003298074 0.03721759
v 0.2427315 -0.005294859 0.0403834
v 0.2395656 -0.009817481 0.04988086
v 0.2608219 -0.01162651 0.05802155
v 0.2653445 -0.00755617 0.0471673
v 0.2572038 -0.01162651 0.06751901
v 0.2404702 -0.01117426 0.07430291
v 0.1956964 -0.003485829 0.03676534
v 0.2667013 0.001941293 0.04354924
v 0.2427315 -0.005294859 0.0403834
v 0.1314754 -0.001224518 0.03540856
v 0.2608219 -0.008912951 0.05802155
v 0.2572038 -0.008912951 0.06751901
v 0.1292142 -0.001224518 0.0539512
v 0.2409224 -0.00800842 0.07430291
v 0.1332845 -0.001224518 0.06073511
v 0.2608219 -0.008912951 0.05802155
v 0.13238 0.002845824 0.02998143
v 0.2653445 -0.00619939 0.04852408
v 0.1328322 0.0005845129 0.02545881
v 0.13238 0.002845824 0.02998143
v 0.1314754 -0.001224518 0.03540856
v 0.1310232 -0.003938079 0.03540856
v 0.1337368 0.01053423 0.02184075
v 0.1332845 0.01053423 0.02772012
v 0.1292142 -0.001224518 0.0539512
v 0.1287619 -0.003938079 0.0539512
v 0.1332845 -0.003938079 0.06073511
v 0.1287619 -0.003938079 0.0539512
v 0.1292142 -0.001224518 0.0539512
v 0.1332845 -0.001224518 0.06073511
v 0.2404702 -0.01117426 0.07430291
v 0.2409224 -0.00800842 0.07430291
v 0.2572038 -0.008912951 0.06751901
v 0.2572038 -0.01162651 0.06751901
v 0.1332845 -0.003938079 0.06073511
v 0.1332845 -0.001224518 0.06073511
v 0.2572038 -0.01162651 0.06751901
v 0.2572038 -0.008912951 0.06751901
v 0.2608219 -0.008912951 0.05802155
v 0.2608219 -0.008912951 0.05802155
v 0.2608219 -0.01162651 0.05802155
v 0.2653445 -0.00755617 0.0471673
v 0.2653445 -0.00619939 0.04852408
v 0.266249 0.001941293 0.0462628
v 0.2667013 0.001941293 0.04354924
v 0.2653445 -0.00619939 0.04852408
v 0.13238 0.002845824 0.02998143
v 0.1332845 0.01053423 0.02772012
v 0.266249 0.001941293 0.0462628
v 0.1328322 -0.001676798 0.088323
v 0.1640382 -0.00710392 0.09239334
v 0.1124805 -0.001676798 0.08606169
v 0.1129328 -0.0003200173 0.08606169
v 0.06092286 0.01279554 0.02364978
v 0.06047061 0.01279554 0.02591109
v 0.04554603 0.01370007 0.02500656
v 0.04599828 0.01370007 0.02048397
v 0.1129328 -0.0003200173 0.08606169
v 0.1328322 -0.001676798 0.08787072
v 0.1328322 -0.001676798 0.088323
v 0.2838871 0.006463885 0.06299642
v 0.2816258 0.007368416 0.0539512
v 0.2847916 0.005559385 0.05576026
v 0.2802691 0.007368416 0.06661451
v 0.09619915 0.01324779 0.02591109
v 0.08941525 0.02319753 0.03314725
v 0.08986753 0.01370007 0.0290769
vt 0.1592726 0.6307637
vt 0.1709625 0.65804
vt 0.3618969 0.65804
vt 0.3618969 0.6307637
vt 0.7827319 0.8606643
vt 0.7632488 0.9697697
vt 0.8255947 0.9736663
vt 0.9385967 0.8762508
vt 0.8996305 0.8450778
vt 0.9191136 0.9541832
vt 0.3774834 0.8606643
vt 0.350207 0.9697697
vt 0.3463104 0.8606643
vt 0.9308035 0.94639
vt 0.9424934 0.8879406
vt 0.8723541 0.8061116
vt 0.8723541 0.7827319
vt 0.7593522 0.7671454
vt 0.771042 0.7437657
vt 0.9541832 0.5956941
vt 0.8216981 0.6034874
vt 0.8178015 0.576211
vt 0.8061116 0.5489346
vt 0.94639 0.5489346
vt 0.06185709 0.8723541
vt 0.1203064 0.8723541
vt 0.1203064 0.8996305
vt 0.07354695 0.8996305
vt 0.2878611 0.7905251
vt 0.1943422 0.7905251
vt 0.2333084 0.8294914
vt 0.2878611 0.8216981
vt 0.2878611 0.7905251
vt 0.2333084 0.751559
vt 0.2878611 0.7632488
vt 0.2878611 0.7320758
vt 0.5372448 0.771042
vt 0.7476623 0.7905251
vt 0.2878611 0.8216981
vt 0.7047995 0.771042
vt 0.7125927 0.7593522
vt 0.7476623 0.751559
vt 0.7476623 0.8294914
vt 0.7164894 0.7437657
vt 0.525555 0.751559
vt 0.2878611 0.7632488
vt 0.5216583 0.7320758
vt 0.7476623 0.7281792
vt 0.720386 0.7281792
vt 0.2878611 0.8216981
vt 0.2878611 0.8489745
vt 0.2333084 0.8294914
vt 0.7476623 0.8489745
vt 0.3385172 0.9697697
vt 0.2917577 0.9697697
vt 0.2917577 0.9308035
vt 0.3346205 0.9308035
vt 0.08134019 0.9424934
vt 0.2917577 0.9697697
vt 0.1086165 0.9697697
vt 0.8996305 0.4748989
vt 0.8723541 0.4671056
vt 0.8996305 0.4593124
vt 0.8723541 0.4904854
vt 0.8996305 0.4865887
vt 0.8996305 0.38138
vt 0.8723541 0.3657935
vt 0.8996305 0.3657935
vt 0.8178015 0.01899427
vt 0.8178015 0.124203
vt 0.7944218 0.1164098
vt 0.7944218 0.03068413
vt 0.08913344 0.9697697
vt 0.08134019 0.9424934
vt 0.1086165 0.9697697
vt 0.05016723 0.9736663
vt 0.03847737 0.9385967
vt 0.007304404 0.9697697
vt 0.6502468 0.720386
vt 0.6502468 0.7632488
vt 0.6697299 0.7632488
vt 0.5138651 0.6463502
vt 0.412553 0.6463502
vt 0.463209 0.6931096
vt 0.5138651 0.6307637
vt 0.412553 0.6307637
vt 0.1592726 0.6307637
vt 0.3618969 0.6307637
vt 0.3618969 0.65804
vt 0.1709625 0.65804
vt 0.1358929 0.6229705
vt 0.01509765 0.6112806
vt 0.1008233 0.5372448
vt 0.1514794 0.5411415
vt 0.04627061 0.6346603
vt 0.2216185 0.5645211
vt 0.2216185 0.5528313
vt 0.3151374 0.5411415
vt 0.3151374 0.5528313
vt 0.4476225 0.5645211
vt 0.4476225 0.6229705
vt 0.4710023 0.6229705
vt 0.4476225 0.5411415
vt 0.4710023 0.5411415
vt 0.03068413 0.5489346
vt 0.02289089 0.5567279
vt 0.01120102 0.6034874
vt 0.06575371 0.6658333
vt 0.1514794 0.6931096
vt 0.06575371 0.6853164
vt 0.1436861 0.7125927
vt 0.003407784 0.8255947
vt 0.1047199 0.8178015
vt 0.1086165 0.8411812
vt 0.1164098 0.8606643
vt 0.01120102 0.8606643
vt 0.06185709 0.8723541
vt 0.07354695 0.8996305
vt 0.1203064 0.8996305
vt 0.1203064 0.8723541
vt 0.3385172 0.9697697
vt 0.3346205 0.9308035
vt 0.2917577 0.9308035
vt 0.2917577 0.9697697
vt 0.08134019 0.9424934
vt 0.1086165 0.9697697
vt 0.08913344 0.9697697
vt 0.05016723 0.9736663
vt 0.03847737 0.9385967
vt 0.007304404 0.9697697
vt 0.8996305 0.4748989
vt 0.8996305 0.4593124
vt 0.8723541 0.4671056
vt 0.8996305 0.4865887
vt 0.8723541 0.4904854
vt 0.8723541 0.4671056
vt 0.8996305 0.38138
vt 0.8723541 0.3657935
vt 0.8996305 0.3657935
vt 0.8723541 0.3657935
vt 0.8178015 0.01899427
vt 0.7944218 0.03068413
vt 0.7944218 0.1164098
vt 0.8178015 0.124203
vt 0.6502468 0.7632488
vt 0.6502468 0.720386
vt 0.6697299 0.7632488
vt 0.6697299 0.7320758
vt 0.6970062 0.7086961
vt 0.7749386 0.7125927
vt 0.7749386 0.6112806
vt 0.6970062 0.6151772
vt 0.5840042 0.6619366
vt 0.545038 0.7047995
vt 0.6736265 0.7164894
vt 0.6814198 0.6619366
vt 0.6970062 0.7086961
vt 0.6970062 0.6151772
vt 0.6736265 0.6112806
vt 0.5567279 0.607384
vt 0.06965034 0.915217
vt 0.06965034 0.9230102
vt 0.1709625 0.9191136
vt 0.1709625 0.915217
vt 0.06965034 0.9074237
vt 0.1670659 0.9074237
vt 0.7320758 0.6034874
vt 0.7320758 0.494382
vt 0.7281792 0.4982786
vt 0.7281792 0.5995907
vt 0.7242826 0.5021752
vt 0.7242826 0.5956941
vt 0.9814596 0.1787557
vt 0.9697697 0.07744358
vt 0.9697697 0.2488949
vt 0.9814596 0.2488949
vt 0.9814596 0.07744358
vt 0.1709625 0.6697299
vt 0.1709625 0.6658333
vt 0.1709625 0.6619366
vt 0.1631692 0.6658333
vt 0.1748591 0.6736265
vt 0.1748591 0.6697299
vt 0.1943422 0.6619366
vt 0.1826523 0.6697299
vt 0.38138 0.638557
vt 0.38138 0.6463502
vt 0.3852766 0.6463502
vt 0.3891732 0.65804
vt 0.3852766 0.6463502
vt 0.38138 0.6502468
vt 0.3852766 0.65804
vt 0.38138 0.6463502
vt 0.38138 0.6619366
vt 0.1631692 0.6658333
vt 0.1709625 0.6619366
vt 0.1631692 0.65804
vt 0.9191136 0.2333084
vt 0.8996305 0.2488949
vt 0.8957339 0.237205
vt 0.8762508 0.2488949
vt 0.8762508 0.2216185
vt 0.1943422 0.03068413
vt 0.2216185 0.03068413
vt 0.2216185 0.01899427
vt 0.1943422 0.01899427
vt 0.2527915 0.03068413
vt 0.2527915 0.01899427
vt 0.9191136 0.2333084
vt 0.8957339 0.237205
vt 0.8996305 0.2488949
vt 0.8762508 0.2216185
vt 0.8762508 0.2488949
vt 0.3073442 0.01899427
vt 0.2839645 0.01899427
vt 0.2839645 0.03068413
vt 0.3073442 0.03068413
vt 0.2644814 0.01899427
vt 0.2644814 0.03068413
vt 0.6463502 0.05016723
vt 0.6463502 0.06965034
vt 0.5995907 0.09303006
vt 0.5995907 0.05016723
vt 0.6034874 0.2722746
vt 0.6112806 0.2177219
vt 0.5917975 0.2177219
vt 0.6463502 0.06965034
vt 0.6463502 0.05016723
vt 0.5995907 0.05016723
vt 0.5995907 0.09303006
vt 0.7866285 0.1358929
vt 0.7788353 0.1865489
vt 0.7983184 0.1865489
vt 0.1631692 0.7086961
vt 0.1631692 0.6814198
vt 0.2800678 0.6814198
vt 0.2800678 0.7086961
vt 0.5840042 0.5333482
vt 0.5840042 0.4086563
vt 0.5801076 0.4437259
vt 0.5801076 0.4787955
vt 0.5801076 0.4787955
vt 0.4203462 0.4787955
vt 0.4203462 0.5333482
vt 0.412553 0.6814198
vt 0.412553 0.7086961
vt 0.2878611 0.7086961
vt 0.2878611 0.6814198
vt 0.7983184 0.5216583
vt 0.7983184 0.4982786
vt 0.7437657 0.4982786
vt 0.7437657 0.5216583
vt 0.7398691 0.5879009
vt 0.7983184 0.5879009
vt 0.771042 0.6034874
vt 0.007304404 0.4437259
vt 0.5801076 0.4437259
vt 0.3385172 0.4203462
vt 0.5840042 0.4086563
vt 0.3891732 0.4086563
vt 0.01509765 0.4203462
vt 0.3696901 0.09303006
vt 0.38138 0.07354695
vt 0.3696901 0.05016723
vt 0.2917577 0.05016723
vt 0.2917577 0.09303006
vt 0.5801076 0.3385172
vt 0.5801076 0.2722746
vt 0.3852766 0.2722746
vt 0.3852766 0.3385172
vt 0.3268273 0.2722746
vt 0.3268273 0.3385172
vt 0.01120102 0.2722746
vt 0.01120102 0.3385172
vt 0.5801076 0.3541036
vt 0.01899427 0.3580002
vt 0.01120102 0.3541036
vt 0.751559 0.03847737
vt 0.7593522 0.05406385
vt 0.7009029 0.05406385
vt 0.7047995 0.03847737
vt 0.1631692 0.6814198
vt 0.1631692 0.7086961
vt 0.2800678 0.7086961
vt 0.2800678 0.6814198
vt 0.5840042 0.5333482
vt 0.5801076 0.4787955
vt 0.5801076 0.4437259
vt 0.5840042 0.4086563
vt 0.4203462 0.4787955
vt 0.4203462 0.5333482
vt 0.2878611 0.7086961
vt 0.412553 0.7086961
vt 0.412553 0.6814198
vt 0.2878611 0.6814198
vt 0.007304404 0.4437259
vt 0.01509765 0.4203462
vt 0.3385172 0.4203462
vt 0.5801076 0.4437259
vt 0.5840042 0.4086563
vt 0.3891732 0.4086563
vt 0.5801076 0.3541036
vt 0.01120102 0.3541036
vt 0.01899427 0.3580002
vt 0.751559 0.03847737
vt 0.7047995 0.03847737
vt 0.7009029 0.05406385
vt 0.7593522 0.05406385
vt 0.7827319 0.2761712
vt 0.7827319 0.1982388
vt 0.7944218 0.1982388
vt 0.7944218 0.2761712
vt 0.7749386 0.2761712
vt 0.7749386 0.1982388
vt 0.7905251 0.2761712
vt 0.7905251 0.1982388
vt 0.7827319 0.1982388
vt 0.7827319 0.2761712
vt 0.7749386 0.1982388
vt 0.7749386 0.2761712
vt 0.2021354 0.864561
vt 0.2138253 0.8840441
vt 0.2333084 0.8840441
vt 0.2449983 0.864561
vt 0.2333084 0.8450778
vt 0.2138253 0.8450778
vt 0.6346603 0.7632488
vt 0.6346603 0.7593522
vt 0.5411415 0.7632488
vt 0.6034874 0.751559
vt 0.5411415 0.751559
vt 0.6307637 0.7554556
vt 0.5879009 0.7476623
vt 0.5801076 0.7359725
vt 0.5606245 0.7359725
vt 0.6814198 0.7281792
vt 0.6814198 0.7359725
vt 0.6853164 0.7359725
vt 0.6853164 0.7320758
vt 0.7047995 0.7281792
vt 0.7047995 0.7320758
vt 0.7047995 0.7359725
vt 0.7047995 0.7359725
vt 0.2761712 0.8723541
vt 0.2761712 0.8723541
vt 0.2917577 0.8723541
vt 0.2917577 0.8723541
vt 0.299551 0.8723541
vt 0.299551 0.8723541
vt 0.2527915 0.8723541
vt 0.2527915 0.8723541
vt 0.299551 0.8723541
vt 0.299551 0.8723541
vt 0.3151374 0.8723541
vt 0.3151374 0.8723541
vt 0.3346205 0.8723541
vt 0.3346205 0.8723541
vt 0.6814198 0.751559
vt 0.7047995 0.751559
vt 0.7009029 0.751559
vt 0.6814198 0.751559
vt 0.7047995 0.751559
vt 0.7009029 0.7476623
vt 0.7047995 0.7476623
vt 0.6814198 0.751559
vt 0.6814198 0.7476623
vt 0.6814198 0.7476623
vt 0.5489346 0.7242826
vt 0.6424536 0.7242826
vt 0.638557 0.7320758
vt 0.5801076 0.7281792
vt 0.5956941 0.7359725
vt 0.6190738 0.7437657
vt 0.6034874 0.7437657
vt 0.5528313 0.7281792
vt 0.6346603 0.7632488
vt 0.5411415 0.7632488
vt 0.6034874 0.751559
vt 0.6346603 0.7593522
vt 0.6307637 0.7554556
vt 0.5411415 0.751559
vt 0.5879009 0.7476623
vt 0.5801076 0.7359725
vt 0.5606245 0.7359725
vt 0.2761712 0.8606643
vt 0.2917577 0.8606643
vt 0.2917577 0.8606643
vt 0.2761712 0.8606643
vt 0.299551 0.8606643
vt 0.299551 0.8606643
vt 0.2488949 0.8606643
vt 0.2488949 0.8606643
vt 0.299551 0.8606643
vt 0.3151374 0.8606643
vt 0.3151374 0.8606643
vt 0.299551 0.8606643
vt 0.3307239 0.8606643
vt 0.3307239 0.8606643
vt 0.4164496 0.03458075
vt 0.4164496 0.05406385
vt 0.5060719 0.05406385
vt 0.5060719 0.03458075
vt 0.5489346 0.7242826
vt 0.5801076 0.7281792
vt 0.638557 0.7320758
vt 0.6424536 0.7242826
vt 0.5956941 0.7359725
vt 0.6190738 0.7437657
vt 0.6034874 0.7437657
vt 0.5528313 0.7281792
vt 0.1436861 0.5333482
vt 0.003407784 0.5333482
vt 0.05016723 0.525555
vt 0.07744358 0.525555
vt 0.1008233 0.5138651
vt 0.1358929 0.494382
vt 0.1008233 0.4787955
vt 0.1086165 0.4748989
vt 0.07744358 0.463209
vt 0.07744358 0.4593124
vt 0.04627061 0.4671056
vt 0.04627061 0.463209
vt 0.02289089 0.4865887
vt 0.01899427 0.4748989
vt 0.003407784 0.5333482
vt 0.02289089 0.5177617
vt 0.05016723 0.525555
vt 0.3112408 0.9191136
vt 0.3346205 0.9191136
vt 0.3346205 0.8957339
vt 0.3112408 0.8957339
vt 0.2800678 0.8957339
vt 0.2800678 0.9191136
vt 0.2566881 0.8957339
vt 0.2566881 0.9191136
vt 0.2294118 0.8957339
vt 0.2294118 0.9191136
vt 0.2566881 0.4476225
vt 0.2566881 0.4710023
vt 0.2839645 0.4710023
vt 0.2839645 0.4476225
vt 0.2333084 0.4710023
vt 0.2333084 0.4476225
vt 0.2099287 0.4476225
vt 0.2099287 0.4710023
vt 0.1358929 0.4476225
vt 0.1358929 0.4710023
vt 0.155376 0.4710023
vt 0.155376 0.4476225
vt 0.1826523 0.4476225
vt 0.1826523 0.4710023
vt 0.1125132 0.4710023
vt 0.1125132 0.4476225
vt 0.1086165 0.4748989
vt 0.07744358 0.4593124
vt 0.07744358 0.463209
vt 0.1008233 0.4787955
vt 0.04627061 0.4671056
vt 0.04627061 0.463209
vt 0.02289089 0.4865887
vt 0.01899427 0.4748989
vt 0.003407784 0.5333482
vt 0.1358929 0.494382
vt 0.1008233 0.5138651
vt 0.1436861 0.5333482
vt 0.07744358 0.525555
vt 0.05016723 0.525555
vt 0.02289089 0.5177617
vt 0.2839645 0.4710023
vt 0.3112408 0.4710023
vt 0.3112408 0.4476225
vt 0.2839645 0.4476225
vt 0.1826523 0.4476225
vt 0.1826523 0.4710023
vt 0.2099287 0.4710023
vt 0.2099287 0.4476225
vt 0.2294118 0.9191136
vt 0.2294118 0.8957339
vt 0.1943422 0.8957339
vt 0.1943422 0.9191136
vt 0.9230102 0.2839645
vt 0.9191136 0.2722746
vt 0.9113204 0.2722746
vt 0.915217 0.2878611
vt 0.9230102 0.2527915
vt 0.915217 0.2488949
vt 0.9697697 0.2917577
vt 0.9736663 0.2917577
vt 0.9814596 0.2800678
vt 0.9736663 0.2800678
vt 0.977563 0.2605847
vt 0.9697697 0.2605847
vt 0.9853562 0.3112408
vt 0.9853562 0.299551
vt 0.9736663 0.3034476
vt 0.9736663 0.3112408
vt 0.9619765 0.299551
vt 0.9580798 0.3112408
vt 0.9347001 0.3034476
vt 0.9347001 0.2956543
vt 0.9191136 0.2956543
vt 0.9191136 0.3073442
vt 0.9113204 0.2956543
vt 0.9074237 0.3034476
vt 0.9230102 0.3268273
vt 0.9230102 0.3112408
vt 0.9191136 0.3112408
vt 0.9191136 0.3268273
vt 0.1982388 0.7281792
vt 0.1904456 0.7281792
vt 0.1904456 0.7593522
vt 0.1982388 0.7593522
vt 0.2138253 0.7320758
vt 0.2138253 0.7398691
vt 0.2449983 0.7398691
vt 0.2449983 0.7320758
vt 0.1514794 0.7398691
vt 0.1514794 0.7476623
vt 0.1787557 0.7476623
vt 0.1787557 0.7398691
vt 0.1787557 0.7905251
vt 0.1787557 0.7593522
vt 0.1436861 0.7593522
vt 0.1436861 0.7905251
vt 0.638557 0.1475827
vt 0.638557 0.1319963
vt 0.6307637 0.1319963
vt 0.6229705 0.1358929
vt 0.6190738 0.1397895
vt 0.6268671 0.124203
vt 0.6229705 0.1280997
vt 0.6190738 0.1203064
vt 0.6190738 0.124203
vt 0.6112806 0.1280997
vt 0.607384 0.124203
vt 0.6112806 0.1358929
vt 0.6034874 0.1319963
vt 0.5956941 0.1475827
vt 0.5956941 0.1319963
vt 0.8723541 0.9814596
vt 0.8723541 0.9736663
vt 0.864561 0.9736663
vt 0.864561 0.9814596
vt 0.5956941 0.1475827
vt 0.638557 0.1475827
vt 0.6190738 0.1397895
vt 0.6229705 0.1358929
vt 0.6112806 0.1358929
vt 0.6034874 0.1319963
vt 0.5956941 0.1319963
vt 0.6112806 0.1280997
vt 0.607384 0.124203
vt 0.6190738 0.124203
vt 0.6190738 0.1203064
vt 0.6268671 0.124203
vt 0.6229705 0.1280997
vt 0.6307637 0.1319963
vt 0.638557 0.1319963
vt 0.9308035 0.9658731
vt 0.9308035 0.9619765
vt 0.9269069 0.9619765
vt 0.9269069 0.9658731
vt 0.9230102 0.9619765
vt 0.9230102 0.9658731
vt 0.9385967 0.9619765
vt 0.9385967 0.9658731
vt 0.9424934 0.9619765
vt 0.9424934 0.9658731
vt 0.8918373 0.9814596
vt 0.8918373 0.9736663
vt 0.8879406 0.9736663
vt 0.8879406 0.9814596
vt 0.8957339 0.9814596
vt 0.8957339 0.9736663
vt 0.8996305 0.9814596
vt 0.8996305 0.9736663
vt 0.8840441 0.9814596
vt 0.8840441 0.9736663
vt 0.9035271 0.9736663
vt 0.9035271 0.9814596
vt 0.8801474 0.9814596
vt 0.8801474 0.9736663
vt 0.8528711 0.9814596
vt 0.8606643 0.9814596
vt 0.8606643 0.9736663
vt 0.8528711 0.9736663
vt 0.8957339 0.7944218
vt 0.9113204 0.7944218
vt 0.9113204 0.7554556
vt 0.8957339 0.7554556
vt 0.8957339 0.7944218
vt 0.8957339 0.8178015
vt 0.9113204 0.8178015
vt 0.9113204 0.7944218
vt 0.6229705 0.1943422
vt 0.5956941 0.2060321
vt 0.5956941 0.155376
vt 0.638557 0.155376
vt 0.638557 0.155376
vt 0.5956941 0.155376
vt 0.6229705 0.1943422
vt 0.5956941 0.2060321
vt 0.1280997 0.8606643
vt 0.1631692 0.8528711
vt 0.1358929 0.8294914
vt 0.1514794 0.8840441
vt 0.1865489 0.8762508
vt 0.1943422 0.8411812
vt 0.1709625 0.8178015
vt 0.1358929 0.8294914
vt 0.9619765 0.01899427
vt 0.9502866 0.01899427
vt 0.9502866 0.04237399
vt 0.9619765 0.04237399
vt 0.9347001 0.01899427
vt 0.9347001 0.04237399
vt 0.9892528 0.5021752
vt 0.9658731 0.5021752
vt 0.9658731 0.5294515
vt 0.9892528 0.5294515
vt 0.9658731 0.5606245
vt 0.9892528 0.5606245
vt 0.9658731 0.5879009
vt 0.9892528 0.5879009
vt 0.9658731 0.6190738
vt 0.9892528 0.6190738
vt 0.9931494 0.06185709
vt 0.9931494 0.07354695
vt 0.977563 0.05796047
vt 0.9814596 0.05406385
vt 0.9697697 0.03847737
vt 0.9736663 0.03847737
vt 0.977563 0.01899427
vt 0.9814596 0.02678751
vt 0.9931494 0.003407784
vt 0.9931494 0.01899427
vt 0.9931494 0.01899427
vt 0.9931494 0.003407784
vt 0.977563 0.01899427
vt 0.9814596 0.02678751
vt 0.9697697 0.03847737
vt 0.977563 0.03847737
vt 0.977563 0.05796047
vt 0.9814596 0.05406385
vt 0.9931494 0.07354695
vt 0.9931494 0.06185709
vt 0.9347001 0.04237399
vt 0.9347001 0.01899427
vt 0.9191136 0.01899427
vt 0.9191136 0.04237399
vt 0.9074237 0.01899427
vt 0.9074237 0.04237399
vt 0.1904456 0.01509765
vt 0.1826523 0.01509765
vt 0.1826523 0.03458075
vt 0.1904456 0.03458075
vt 0.1631692 0.01509765
vt 0.1631692 0.03458075
vt 0.9502866 0.9619765
vt 0.9736663 0.9619765
vt 0.9736663 0.9424934
vt 0.9502866 0.9424934
vt 0.9736663 0.9191136
vt 0.9502866 0.9191136
vt 0.9736663 0.8957339
vt 0.9502866 0.8957339
vt 0.5060719 0.5879009
vt 0.4904854 0.5879009
vt 0.5060719 0.5723144
vt 0.5138651 0.5801076
vt 0.5411415 0.5684178
vt 0.5372448 0.576211
vt 0.5723144 0.5879009
vt 0.5567279 0.5879009
vt 0.5567279 0.5879009
vt 0.5723144 0.5879009
vt 0.5411415 0.5684178
vt 0.5372448 0.576211
vt 0.5060719 0.5723144
vt 0.5138651 0.5801076
vt 0.4904854 0.5879009
vt 0.5060719 0.5879009
vt 0.1631692 0.03458075
vt 0.1631692 0.01509765
vt 0.1475827 0.01509765
vt 0.1475827 0.03458075
vt 0.4476225 0.01120102
vt 0.463209 0.01120102
vt 0.463209 0.003407784
vt 0.4476225 0.003407784
vt 0.2255152 0.01120102
vt 0.2255152 0.003407784
vt 0.007304404 0.003407784
vt 0.007304404 0.01120102
vt 0.4826921 0.01120102
vt 0.4826921 0.003407784
vt 0.6463502 0.3385172
vt 0.5917975 0.3385172
vt 0.6658333 0.09303006
vt 0.720386 0.1086165
vt 0.6814198 0.08523682
vt 0.7125927 0.09303006
vt 0.7009029 0.08523682
vt 0.6112806 0.3541036
vt 0.6229705 0.350207
vt 0.6346603 0.3580002
vt 0.638557 0.3735867
vt 0.638557 0.4164496
vt 0.6307637 0.4047597
vt 0.6307637 0.3852766
vt 0.6151772 0.4008631
vt 0.6151772 0.3891732
vt 0.6034874 0.4086563
vt 0.6034874 0.38138
vt 0.6034874 0.4242428
vt 0.6034874 0.3657935
vt 0.6034874 0.4671056
vt 0.6112806 0.4359327
vt 0.6112806 0.4554158
vt 0.6229705 0.4515192
vt 0.6229705 0.4398293
vt 0.6346603 0.432036
vt 0.638557 0.4748989
vt 0.6346603 0.4593124
vt 0.5917975 0.5956941
vt 0.6034874 0.5177617
vt 0.6034874 0.4826921
vt 0.6112806 0.5060719
vt 0.6151772 0.4904854
vt 0.6268671 0.5060719
vt 0.6307637 0.4865887
vt 0.638557 0.5177617
vt 0.6463502 0.5684178
vt 0.6346603 0.5333482
vt 0.638557 0.5684178
vt 0.638557 0.5956941
vt 0.6229705 0.5372448
vt 0.6112806 0.5372448
vt 0.6034874 0.5294515
vt 0.4515192 0.9814596
vt 0.06575371 0.9814596
vt 0.06575371 0.9931494
vt 0.4515192 0.9931494
vt 0.8450778 0.9931494
vt 0.8450778 0.9814596
vt 0.03847737 0.9814596
vt 0.03847737 0.9931494
vt 0.007304404 0.9814596
vt 0.007304404 0.9931494
vt 0.65804 0.3424138
vt 0.7125927 0.3424138
vt 0.7866285 0.1164098
vt 0.7320758 0.1008233
vt 0.7476623 0.08913344
vt 0.7788353 0.1008233
vt 0.7671454 0.08913344
vt 0.689213 0.3580002
vt 0.7009029 0.3657935
vt 0.7047995 0.38138
vt 0.6736265 0.3618969
vt 0.7047995 0.4242428
vt 0.6970062 0.3930698
vt 0.6970062 0.412553
vt 0.6814198 0.3930698
vt 0.6814198 0.4086563
vt 0.6697299 0.4164496
vt 0.6697299 0.3852766
vt 0.6658333 0.3735867
vt 0.6697299 0.4281394
vt 0.65804 0.6034874
vt 0.6697299 0.4748989
vt 0.6775231 0.463209
vt 0.6775231 0.4398293
vt 0.689213 0.4593124
vt 0.689213 0.4437259
vt 0.7009029 0.4671056
vt 0.7009029 0.4359327
vt 0.7047995 0.4787955
vt 0.6697299 0.5216583
vt 0.6697299 0.4865887
vt 0.6775231 0.5099685
vt 0.6814198 0.494382
vt 0.6931096 0.5099685
vt 0.6970062 0.4904854
vt 0.7047995 0.5216583
vt 0.7125927 0.576211
vt 0.7009029 0.5372448
vt 0.7047995 0.576211
vt 0.689213 0.545038
vt 0.6775231 0.5411415
vt 0.7047995 0.6034874
vt 0.6697299 0.5333482
vt 0.5372448 0.2566881
vt 0.5372448 0.2605847
vt 0.5840042 0.2605847
vt 0.5840042 0.2566881
vt 0.7398691 0.3541036
vt 0.7398691 0.3424138
vt 0.7281792 0.3424138
vt 0.7281792 0.3541036
vt 0.7320758 0.3307239
vt 0.7398691 0.3307239
vt 0.7398691 0.3034476
vt 0.7320758 0.3034476
vt 0.5956941 0.03458075
vt 0.5956941 0.04627061
vt 0.576211 0.04627061
vt 0.576211 0.03458075
vt 0.6151772 0.03458075
vt 0.6151772 0.04627061
vt 0.6346603 0.03458075
vt 0.6346603 0.04627061
vt 0.6463502 0.03458075
vt 0.6463502 0.04627061
vt 0.5723144 0.03458075
vt 0.5723144 0.04627061
vt 0.5879009 0.04627061
vt 0.5879009 0.03458075
vt 0.6034874 0.04627061
vt 0.6034874 0.03458075
vt 0.6229705 0.03458075
vt 0.6229705 0.04627061
vt 0.6424536 0.04627061
vt 0.6424536 0.03458075
vt 0.5840042 0.03458075
vt 0.5840042 0.04627061
vt 0.5956941 0.04627061
vt 0.5956941 0.03458075
vt 0.6151772 0.04627061
vt 0.6151772 0.03458075
vt 0.6346603 0.04627061
vt 0.6346603 0.03458075
vt 0.6463502 0.04627061
vt 0.6463502 0.03458075
vt 0.5723144 0.03458075
vt 0.5723144 0.04627061
vt 0.6463502 0.03458075
vt 0.6463502 0.04627061
vt 0.6346603 0.04627061
vt 0.6346603 0.03458075
vt 0.6151772 0.04627061
vt 0.6151772 0.03458075
vt 0.5956941 0.04627061
vt 0.5956941 0.03458075
vt 0.576211 0.04627061
vt 0.576211 0.03458075
vt 0.5723144 0.03458075
vt 0.5723144 0.04627061
vt 0.5879009 0.04627061
vt 0.5879009 0.03458075
vt 0.6034874 0.04627061
vt 0.6034874 0.03458075
vt 0.6229705 0.04627061
vt 0.6229705 0.03458075
vt 0.6424536 0.04627061
vt 0.6424536 0.03458075
vt 0.6346603 0.03458075
vt 0.6346603 0.04627061
vt 0.6463502 0.04627061
vt 0.6463502 0.03458075
vt 0.6151772 0.03458075
vt 0.6151772 0.04627061
vt 0.5956941 0.03458075
vt 0.5956941 0.04627061
vt 0.576211 0.03458075
vt 0.576211 0.04627061
vt 0.6424536 0.03458075
vt 0.6424536 0.04627061
vt 0.6229705 0.04627061
vt 0.6229705 0.03458075
vt 0.6034874 0.04627061
vt 0.6034874 0.03458075
vt 0.5879009 0.04627061
vt 0.5879009 0.03458075
vt 0.5723144 0.04627061
vt 0.5723144 0.03458075
vt 0.6424536 0.03458075
vt 0.6424536 0.04627061
vt 0.6190738 0.04627061
vt 0.6190738 0.03458075
vt 0.5956941 0.04627061
vt 0.5956941 0.03458075
vt 0.576211 0.04627061
vt 0.576211 0.03458075
vt 0.4476225 0.01120102
vt 0.4476225 0.003407784
vt 0.463209 0.003407784
vt 0.463209 0.01120102
vt 0.2255152 0.01120102
vt 0.2255152 0.003407784
vt 0.007304404 0.003407784
vt 0.007304404 0.01120102
vt 0.4826921 0.01120102
vt 0.4826921 0.003407784
vt 0.6463502 0.3385172
vt 0.720386 0.1086165
vt 0.6658333 0.09303006
vt 0.5917975 0.3385172
vt 0.6814198 0.08523682
vt 0.7125927 0.09303006
vt 0.7009029 0.08523682
vt 0.6112806 0.3541036
vt 0.6229705 0.350207
vt 0.6346603 0.3580002
vt 0.638557 0.3735867
vt 0.638557 0.4164496
vt 0.6307637 0.4047597
vt 0.6307637 0.3852766
vt 0.6151772 0.4008631
vt 0.6151772 0.3891732
vt 0.6034874 0.4086563
vt 0.6034874 0.38138
vt 0.6034874 0.4242428
vt 0.6034874 0.3657935
vt 0.6034874 0.4671056
vt 0.6112806 0.4359327
vt 0.6112806 0.4554158
vt 0.6229705 0.4515192
vt 0.6229705 0.4398293
vt 0.6346603 0.432036
vt 0.638557 0.4748989
vt 0.6346603 0.4593124
vt 0.5917975 0.5956941
vt 0.6034874 0.5177617
vt 0.6034874 0.4826921
vt 0.6112806 0.5060719
vt 0.6151772 0.4904854
vt 0.6268671 0.5060719
vt 0.6307637 0.4865887
vt 0.638557 0.5177617
vt 0.6463502 0.5684178
vt 0.6346603 0.5333482
vt 0.638557 0.5684178
vt 0.638557 0.5956941
vt 0.6229705 0.5372448
vt 0.6112806 0.5372448
vt 0.6034874 0.5294515
vt 0.4515192 0.9814596
vt 0.4515192 0.9931494
vt 0.06575371 0.9931494
vt 0.06575371 0.9814596
vt 0.8450778 0.9931494
vt 0.8450778 0.9814596
vt 0.03847737 0.9814596
vt 0.03847737 0.9931494
vt 0.007304404 0.9814596
vt 0.007304404 0.9931494
vt 0.65804 0.3424138
vt 0.7320758 0.1008233
vt 0.7866285 0.1164098
vt 0.7125927 0.3424138
vt 0.7476623 0.08913344
vt 0.7788353 0.1008233
vt 0.7671454 0.08913344
vt 0.689213 0.3580002
vt 0.7009029 0.3657935
vt 0.7047995 0.38138
vt 0.6736265 0.3618969
vt 0.6658333 0.3735867
vt 0.6697299 0.4281394
vt 0.6697299 0.4164496
vt 0.6697299 0.3852766
vt 0.6814198 0.3930698
vt 0.6814198 0.4086563
vt 0.6970062 0.412553
vt 0.6970062 0.3930698
vt 0.7047995 0.4242428
vt 0.7047995 0.4787955
vt 0.7009029 0.4359327
vt 0.7009029 0.4671056
vt 0.689213 0.4437259
vt 0.689213 0.4593124
vt 0.6775231 0.4398293
vt 0.6775231 0.463209
vt 0.6697299 0.4748989
vt 0.7125927 0.576211
vt 0.7047995 0.5216583
vt 0.6970062 0.4904854
vt 0.6931096 0.5099685
vt 0.6814198 0.494382
vt 0.6775231 0.5099685
vt 0.6697299 0.4865887
vt 0.6697299 0.5216583
vt 0.65804 0.6034874
vt 0.6697299 0.5333482
vt 0.6775231 0.5411415
vt 0.7047995 0.576211
vt 0.7047995 0.6034874
vt 0.7009029 0.5372448
vt 0.689213 0.545038
vt 0.5372448 0.2566881
vt 0.5840042 0.2566881
vt 0.5840042 0.2605847
vt 0.5372448 0.2605847
vt 0.7398691 0.3541036
vt 0.7281792 0.3541036
vt 0.7281792 0.3424138
vt 0.7398691 0.3424138
vt 0.7320758 0.3307239
vt 0.7320758 0.3034476
vt 0.7398691 0.3034476
vt 0.7398691 0.3307239
vt 0.5956941 0.03458075
vt 0.576211 0.03458075
vt 0.576211 0.04627061
vt 0.5956941 0.04627061
vt 0.6151772 0.03458075
vt 0.6151772 0.04627061
vt 0.6346603 0.03458075
vt 0.6346603 0.04627061
vt 0.6463502 0.03458075
vt 0.6463502 0.04627061
vt 0.5723144 0.03458075
vt 0.5879009 0.03458075
vt 0.5879009 0.04627061
vt 0.5723144 0.04627061
vt 0.6034874 0.04627061
vt 0.6034874 0.03458075
vt 0.6229705 0.03458075
vt 0.6229705 0.04627061
vt 0.6424536 0.04627061
vt 0.6424536 0.03458075
vt 0.5840042 0.03458075
vt 0.5956941 0.03458075
vt 0.5956941 0.04627061
vt 0.5840042 0.04627061
vt 0.6151772 0.04627061
vt 0.6151772 0.03458075
vt 0.6346603 0.04627061
vt 0.6346603 0.03458075
vt 0.6463502 0.04627061
vt 0.6463502 0.03458075
vt 0.5723144 0.03458075
vt 0.5723144 0.04627061
vt 0.6463502 0.03458075
vt 0.6346603 0.03458075
vt 0.6346603 0.04627061
vt 0.6463502 0.04627061
vt 0.6151772 0.04627061
vt 0.6151772 0.03458075
vt 0.5956941 0.04627061
vt 0.5956941 0.03458075
vt 0.576211 0.04627061
vt 0.576211 0.03458075
vt 0.5723144 0.03458075
vt 0.5879009 0.03458075
vt 0.5879009 0.04627061
vt 0.5723144 0.04627061
vt 0.6034874 0.04627061
vt 0.6034874 0.03458075
vt 0.6229705 0.04627061
vt 0.6229705 0.03458075
vt 0.6424536 0.04627061
vt 0.6424536 0.03458075
vt 0.6346603 0.03458075
vt 0.6463502 0.03458075
vt 0.6463502 0.04627061
vt 0.6346603 0.04627061
vt 0.6151772 0.03458075
vt 0.6151772 0.04627061
vt 0.5956941 0.03458075
vt 0.5956941 0.04627061
vt 0.576211 0.03458075
vt 0.576211 0.04627061
vt 0.6424536 0.03458075
vt 0.6229705 0.03458075
vt 0.6229705 0.04627061
vt 0.6424536 0.04627061
vt 0.6034874 0.04627061
vt 0.6034874 0.03458075
vt 0.5879009 0.04627061
vt 0.5879009 0.03458075
vt 0.5723144 0.04627061
vt 0.5723144 0.03458075
vt 0.6424536 0.03458075
vt 0.6190738 0.03458075
vt 0.6190738 0.04627061
vt 0.6424536 0.04627061
vt 0.5956941 0.04627061
vt 0.5956941 0.03458075
vt 0.576211 0.04627061
vt 0.576211 0.03458075
vt 0.412553 0.5333482
vt 0.2449983 0.5333482
vt 0.2449983 0.4787955
vt 0.412553 0.4515192
vt 0.2449983 0.4787955
vt 0.2449983 0.5333482
vt 0.412553 0.5333482
vt 0.412553 0.4515192
vt 0.412553 0.3891732
vt 0.5840042 0.3657935
vt 0.02289089 0.3657935
vt 0.1709625 0.3891732
vt 0.02289089 0.3891732
vt 0.5840042 0.3657935
vt 0.412553 0.3891732
vt 0.1709625 0.3891732
vt 0.02289089 0.3657935
vt 0.02289089 0.3891732
vt 0.01899427 0.4008631
vt 0.1670659 0.4047597
vt 0.01120102 0.4047597
vt 0.01120102 0.4047597
vt 0.1670659 0.4047597
vt 0.01899427 0.4008631
vt 0.4787955 0.06575371
vt 0.3891732 0.07354695
vt 0.3891732 0.08523682
vt 0.4787955 0.09303006
vt 0.4865887 0.07744358
vt 0.5645211 0.05016723
vt 0.5645211 0.03458075
vt 0.5177617 0.03458075
vt 0.5177617 0.05016723
vt 0.5645211 0.05016723
vt 0.5645211 0.03458075
vt 0.5177617 0.03458075
vt 0.5177617 0.05016723
vt 0.5099685 0.05016723
vt 0.5177617 0.05016723
vt 0.5177617 0.03458075
vt 0.5099685 0.03458075
vt 0.6346603 0.1164098
vt 0.6502468 0.1164098
vt 0.6502468 0.1086165
vt 0.6346603 0.1086165
vt 0.6346603 0.1086165
vt 0.6502468 0.1086165
vt 0.6502468 0.09692668
vt 0.6346603 0.09692668
vt 0.2800678 0.09692668
vt 0.01120102 0.09692668
vt 0.01120102 0.08134019
vt 0.2800678 0.08134019
vt 0.01120102 0.06185709
vt 0.2800678 0.05406385
vt 0.01120102 0.04237399
vt 0.2800678 0.04237399
vt 0.2800678 0.04237399
vt 0.01120102 0.04237399
vt 0.01120102 0.06185709
vt 0.2800678 0.05406385
vt 0.2800678 0.08134019
vt 0.01120102 0.08134019
vt 0.01120102 0.09692668
vt 0.2800678 0.09692668
vt 0.7788353 0.4904854
vt 0.7944218 0.4904854
vt 0.7944218 0.3891732
vt 0.7788353 0.3891732
vt 0.7476623 0.4904854
vt 0.7593522 0.3891732
vt 0.7398691 0.3891732
vt 0.720386 0.4904854
vt 0.720386 0.3891732
vt 0.7476623 0.4904854
vt 0.720386 0.4904854
vt 0.720386 0.3891732
vt 0.7398691 0.3891732
vt 0.7593522 0.3891732
vt 0.7788353 0.4904854
vt 0.7788353 0.3891732
vt 0.7944218 0.4904854
vt 0.7944218 0.3891732
vt 0.9502866 0.3774834
vt 0.9697697 0.3696901
vt 0.9697697 0.3307239
vt 0.9502866 0.3229307
vt 0.9308035 0.3307239
vt 0.9308035 0.3696901
vt 0.9230102 0.350207
vt 0.977563 0.350207
vt 0.9619765 0.2294118
vt 0.9074237 0.2294118
vt 0.9074237 0.05016723
vt 0.9619765 0.05016723
vt 0.8255947 0.1397895
vt 0.8957339 0.1358929
vt 0.8957339 0.1358929
vt 0.8255947 0.1319963
vt 0.8957339 0.02289089
vt 0.8957339 0.02289089
vt 0.8255947 0.01899427
vt 0.8255947 0.02678751
vt 0.8061116 0.5411415
vt 0.8061116 0.4982786
vt 0.9541832 0.4982786
vt 0.864561 0.5411415
vt 0.9541832 0.5411415
vt 0.5879009 0.2449983
vt 0.5879009 0.05796047
vt 0.494382 0.05796047
vt 0.494382 0.2449983
vt 0.9970461 0.4904854
vt 0.9892528 0.3852766
vt 0.9619765 0.4203462
vt 0.9619765 0.432036
vt 0.9502866 0.4359327
vt 0.9074237 0.4904854
vt 0.9424934 0.432036
vt 0.9580798 0.412553
vt 0.9502866 0.4086563
vt 0.9113204 0.3852766
vt 0.9424934 0.412553
vt 0.9385967 0.4203462
vt 0.9892528 0.3852766
vt 0.9113204 0.3852766
vt 0.9113204 0.3891732
vt 0.9892528 0.3891732
vt 0.751559 0.2839645
vt 0.751559 0.38138
vt 0.7944218 0.38138
vt 0.7944218 0.2839645
vt 0.9619765 0.2294118
vt 0.9619765 0.05016723
vt 0.9074237 0.05016723
vt 0.9074237 0.2294118
vt 0.9541832 0.4982786
vt 0.8061116 0.4982786
vt 0.8061116 0.545038
vt 0.864561 0.5411415
vt 0.9541832 0.5411415
vt 0.864561 0.545038
vt 0.9113204 0.3852766
vt 0.9113204 0.319034
vt 0.9074237 0.319034
vt 0.9074237 0.4904854
vt 0.8684576 0.1748591
vt 0.864561 0.1865489
vt 0.8957339 0.1982388
vt 0.8957339 0.1475827
vt 0.864561 0.1670659
vt 0.8528711 0.1631692
vt 0.8606643 0.1904456
vt 0.8528711 0.1943422
vt 0.8100082 0.1982388
vt 0.8489745 0.1904456
vt 0.8411812 0.1865489
vt 0.8411812 0.1748591
vt 0.8100082 0.1475827
vt 0.8528711 0.1631692
vt 0.8957339 0.1475827
vt 0.8100082 0.1475827
vt 0.8450778 0.1670659
vt 0.8528711 0.1631692
vt 0.8411812 0.1748591
vt 0.1826523 0.5021752
vt 0.1514794 0.4787955
vt 0.1514794 0.5294515
vt 0.1865489 0.494382
vt 0.1826523 0.5138651
vt 0.1904456 0.5216583
vt 0.1943422 0.5216583
vt 0.2411017 0.5294515
vt 0.2021354 0.5216583
vt 0.2099287 0.5138651
vt 0.2411017 0.4787955
vt 0.2099287 0.5021752
vt 0.2060321 0.494382
vt 0.1943422 0.4904854
vt 0.9385967 0.4203462
vt 0.9424934 0.432036
vt 0.9074237 0.4904854
vt 0.9113204 0.3852766
vt 0.9424934 0.412553
vt 0.9502866 0.4359327
vt 0.9931494 0.4904854
vt 0.9619765 0.432036
vt 0.9619765 0.4203462
vt 0.9892528 0.3852766
vt 0.9502866 0.4086563
vt 0.9580798 0.412553
vt 0.2099287 0.4086563
vt 0.1865489 0.4086563
vt 0.1865489 0.4008631
vt 0.2099287 0.4008631
vt 0.2566881 0.4086563
vt 0.2566881 0.4008631
vt 0.2800678 0.4086563
vt 0.2566881 0.4086563
vt 0.2566881 0.4008631
vt 0.2800678 0.4008631
vt 0.2566881 0.4086563
vt 0.2800678 0.4086563
vt 0.2800678 0.4008631
vt 0.2566881 0.4008631
vt 0.2099287 0.4086563
vt 0.2566881 0.4086563
vt 0.2566881 0.4008631
vt 0.2099287 0.4008631
vt 0.1865489 0.4086563
vt 0.2099287 0.4086563
vt 0.2099287 0.4008631
vt 0.1865489 0.4008631
vt 0.8216981 0.1280997
vt 0.8216981 0.1047199
vt 0.9035271 0.1008233
vt 0.9035271 0.1280997
vt 0.8216981 0.1008233
vt 0.9035271 0.05796047
vt 0.8216981 0.05796047
vt 0.8216981 0.06185709
vt 0.8216981 0.03458075
vt 0.9035271 0.03458075
vt 0.9035271 0.06185709
vt 0.8216981 0.03458075
vt 0.8216981 0.06185709
vt 0.9035271 0.06185709
vt 0.9035271 0.03458075
vt 0.8216981 0.05796047
vt 0.8216981 0.1008233
vt 0.9035271 0.1047199
vt 0.9035271 0.05796047
vt 0.8216981 0.1047199
vt 0.9035271 0.1280997
vt 0.8216981 0.1280997
vt 0.5099685 0.5528313
vt 0.5099685 0.5411415
vt 0.4904854 0.5411415
vt 0.4904854 0.5528313
vt 0.4904854 0.5528313
vt 0.4904854 0.5411415
vt 0.5099685 0.5411415
vt 0.5099685 0.5528313
vt 0.5099685 0.5528313
vt 0.5099685 0.5411415
vt 0.545038 0.5528313
vt 0.5567279 0.5411415
vt 0.545038 0.5528313
vt 0.5567279 0.5411415
vt 0.576211 0.5411415
vt 0.576211 0.5528313
vt 0.576211 0.5528313
vt 0.576211 0.5411415
vt 0.5528313 0.5411415
vt 0.545038 0.5528313
vt 0.802215 0.2138253
vt 0.802215 0.4904854
vt 0.8178015 0.4904854
vt 0.8178015 0.2138253
vt 0.833388 0.4904854
vt 0.8411812 0.2138253
vt 0.8528711 0.4904854
vt 0.8684576 0.4904854
vt 0.8684576 0.2138253
vt 0.8684576 0.2138253
vt 0.8684576 0.4904854
vt 0.8528711 0.4904854
vt 0.8411812 0.2138253
vt 0.833388 0.4904854
vt 0.8178015 0.2138253
vt 0.8178015 0.4904854
vt 0.802215 0.4904854
vt 0.802215 0.2138253
vt 0.04627061 0.4748989
vt 0.03847737 0.494382
vt 0.04627061 0.5138651
vt 0.06575371 0.5216583
vt 0.06575371 0.4671056
vt 0.08523682 0.5138651
vt 0.08523682 0.4748989
vt 0.09303006 0.494382
vt 0.01899427 0.1397895
vt 0.01899427 0.1787557
vt 0.007304404 0.1826523
vt 0.007304404 0.1397895
vt 0.007304404 0.2449983
vt 0.02678751 0.2644814
vt 0.02289089 0.1047199
vt 0.06575371 0.1047199
vt 0.06575371 0.1436861
vt 0.06575371 0.1748591
vt 0.01899427 0.1787557
vt 0.007304404 0.1047199
vt 0.02678751 0.2644814
vt 0.2605847 0.1787557
vt 0.06575371 0.1436861
vt 0.2333084 0.1436861
vt 0.2333084 0.1047199
vt 0.4086563 0.2644814
vt 0.3930698 0.1787557
vt 0.463209 0.2333084
vt 0.4710023 0.1982388
vt 0.4008631 0.1397895
vt 0.4826921 0.1475827
vt 0.4865887 0.1047199
vt 0.4008631 0.1047199
vt 0.2878611 0.1397895
vt 0.2878611 0.1047199
vt 0.2333084 0.1436861
vt 0.2333084 0.1047199
vt 0.2878611 0.1397895
vt 0.2878611 0.1397895
vt 0.2605847 0.1787557
vt 1.986788 0.8723541
vt 1.951718 0.8723541
vt 1.955615 0.638557
vt 1.982891 0.6346603
vt 1.943925 0.6619366
vt 1.943925 0.864561
vt 1.994581 0.6229705
vt 1.994581 0.8723541
vt 0.6658333 0.05796047
vt 0.7047995 0.07744358
vt 0.7047995 0.06575371
vt 0.6853164 0.05016723
vt 0.6541435 0.02289089
vt 0.6736265 0.02289089
vt 0.771042 0.06575371
vt 0.771042 0.07744358
vt 0.7320758 0.3618969
vt 0.7242826 0.3618969
vt 0.7242826 0.38138
vt 0.7320758 0.38138
vt 0.5372448 0.003407784
vt 0.494382 0.003407784
vt 0.494382 0.01509765
vt 0.5372448 0.01509765
vt 0.9191136 0.003407784
vt 0.9191136 0.01509765
vt 1.682851 0.01899427
vt 1.721817 0.01899427
vt 1.721817 0.03068413
vt 1.768577 0.03068413
vt 1.760784 0.03847737
vt 1.77637 0.06185709
vt 1.78806 0.06185709
vt 1.682851 0.03068413
vt 1.316569 0.4671056
vt 1.316569 0.4515192
vt 1.573746 0.4515192
vt 1.573746 0.4671056
vt 1.020426 0.1397895
vt 1.004839 0.1397895
vt 1.004839 0.1826523
vt 1.020426 0.1787557
vt 1.004839 0.2449983
vt 1.020426 0.2644814
vt 1.020426 0.1047199
vt 1.067185 0.1047199
vt 1.063289 0.1436861
vt 1.067185 0.1748591
vt 1.020426 0.1787557
vt 1.004839 0.1047199
vt 1.024322 0.2644814
vt 1.262016 0.1787557
vt 1.063289 0.1436861
vt 1.23474 0.1436861
vt 1.230843 0.1047199
vt 1.289293 0.1047199
vt 1.289293 0.1397895
vt 1.262016 0.1787557
vt 1.402295 0.1047199
vt 1.398398 0.1397895
vt 1.394501 0.1787557
vt 1.472434 0.1982388
vt 1.484124 0.1475827
vt 1.460744 0.2333084
vt 1.406191 0.2644814
vt 1.23474 0.1436861
vt 1.484124 0.1047199
vt 1.398398 0.1397895
vt 0.9853562 0.8723541
vt 0.9814596 0.6346603
vt 0.9580798 0.638557
vt 0.9502866 0.8723541
vt 0.9424934 0.6619366
vt 0.9424934 0.864561
vt 0.9814596 0.6346603
vt 0.9931494 0.8723541
vt 0.9931494 0.6229705
vt 1.667265 0.05796047
vt 1.682851 0.05016723
vt 1.702334 0.06575371
vt 1.702334 0.07744358
vt 1.655575 0.02289089
vt 1.675058 0.02289089
vt 1.768577 0.06575371
vt 1.768577 0.07744358
vt 1.733507 0.3618969
vt 1.733507 0.38138
vt 1.725714 0.38138
vt 1.725714 0.3618969
vt 1.538676 0.003407784
vt 1.538676 0.01509765
vt 1.491917 0.01509765
vt 1.491917 0.003407784
vt 1.916649 0.003407784
vt 1.916649 0.01509765
vt 0.6814198 0.01899427
vt 0.6814198 0.03068413
vt 0.720386 0.03068413
vt 0.720386 0.03068413
vt 0.720386 0.01899427
vt 0.7671454 0.03068413
vt 0.7632488 0.03847737
vt 0.7749386 0.06185709
vt 0.7866285 0.06185709
vt 0.3151374 0.4671056
vt 0.5723144 0.4671056
vt 0.5723144 0.4515192
vt 0.3151374 0.4515192
vt 0.9892528 0.3852766
vt 0.9970461 0.4904854
vt 0.9970461 0.319034
vt 0.9892528 0.319034
vt 0.7983184 0.6112806
vt 0.7905251 0.6112806
vt 0.7866285 0.638557
vt 0.802215 0.638557
vt 0.8061116 0.5411415
vt 0.864561 0.5411415
vt 0.864561 0.5411415
vt 0.545038 0.5528313
vt 0.5099685 0.5411415
vt 0.5099685 0.5528313
vt 0.5528313 0.5411415
vt 0.6502468 0.720386
vt 0.6697299 0.7632488
vt 0.6697299 0.7320758
vn 0.1421138 0.397163 -0.9066781
vn 0.1103917 -0.01522517 -0.9937716
vn -0.20683 0.01649702 -0.9782378
vn 0.0469473 0.4923296 -0.8691418
vn 0.04690107 0.9988996 0
vn 0.04690107 0.9988996 0
vn 0.04690107 0.9988996 0
vn 0.04690107 0.9988996 0
vn 0.04690107 0.9988996 0
vn 0.01522517 0.9998841 0
vn 0.0784362 0.9969192 0
vn 0.0784362 0.9969192 0
vn 0.0784362 0.9969192 0
vn -0.7143848 0.6192182 0.3259189
vn -0.7778291 0.6192182 -0.1074744
vn 0.0784362 0.9969192 0
vn 0.0784362 0.9969192 0
vn 0.0784362 0.9969192 0
vn 0.0784362 0.9969192 0
vn 0.0784362 0.9969192 0
vn 0.0784362 0.9969192 0
vn 0.0784362 0.9969192 0
vn 0.0784362 0.9969192 0
vn 0.0784362 0.9969192 0
vn 0.9034459 0.3337188 0.2691046
vn 0.9351681 0.3337188 -0.1187114
vn 0.9969113 -0.07853548 0
vn 0.9351681 -0.07866949 0.3453574
vn -0.2385522 -0.01522517 0.9710103
vn -0.3337188 0.01649702 0.9425283
vn 0.04690107 0.9988996 0
vn -0.1116636 0.5240518 0.8443347
vn -0.2385522 -0.01522517 0.9710103
vn -0.0797972 -0.9968112 0
vn -0.20683 -0.5227798 0.8269961
vn -0.0797972 -0.9968112 0
vn -0.1433856 -0.3324468 0.9321586
vn -0.1116636 0.01649702 0.9936091
vn -0.1116636 0.5240518 0.8443347
vn -0.1116636 -0.2690025 0.9566446
vn -0.1433856 -0.4276134 0.8925174
vn -0.1433856 -0.6179464 0.7730348
vn -0.0482192 0.587496 0.8077891
vn -0.1751078 -0.7765572 0.605224
vn -0.1433856 -0.6179464 0.7730348
vn -0.20683 -0.5227798 0.8269961
vn -0.0797972 -0.9968112 0
vn -0.0797972 -0.9968112 0
vn -0.0797972 -0.9968112 0
vn -0.1116636 0.5240518 0.8443347
vn 0.04690107 0.9988996 0
vn 0.04690107 0.9988996 0
vn 0.0784362 0.9969192 0
vn 0.0784362 0.9969192 0
vn 0.0784362 0.9969192 0
vn -0.9968193 0.07969634 0
vn -0.9681621 0.07994139 -0.2372164
vn -0.9047178 0.0482192 -0.4232737
vn 0.0784362 0.9969192 0
vn 0.0784362 0.9969192 0
vn 0.9034459 0.3337188 0.2691046
vn 0.9969113 -0.07853548 0
vn 0.9204313 0.3909044 0
vn 0.9034459 -0.0469473 0.4261237
vn 0.8717237 0.3337188 0.358789
vn 0.9034459 0.397163 -0.1613909
vn 0.9969113 -0.07853548 0
vn 0.9351681 0.3337188 -0.1187114
vn 0.1103917 -0.01522517 -0.9937716
vn 0.1103917 -0.01522517 -0.9937716
vn 0.1103917 -0.01522517 -0.9937716
vn 0.1103917 -0.01522517 -0.9937716
vn 0.0784362 0.9969192 0
vn -0.9047178 0.0482192 -0.4232737
vn 0.0784362 0.9969192 0
vn 0.04690107 0.9988996 0
vn -0.6826626 0.0482192 -0.7291411
vn 0.04690107 0.9988996 0
vn -0.2702744 0.01649702 -0.962642
vn 0.1421138 0.6509404 -0.7457079
vn 0.0469473 0.4923296 -0.8691418
vn 0.04690107 0.9988996 0
vn -0.0797972 -0.9968112 0
vn -0.6826626 0.0482192 -0.7291411
vn -0.7778291 0.6192182 -0.1074744
vn -0.8412734 -0.5227798 -0.1376964
vn 0.07866949 -0.3958912 -0.9149215
vn -0.01649702 -0.4910577 -0.8709708
vn -0.20683 0.01649702 -0.9782378
vn 0.1103917 -0.01522517 -0.9937716
vn -0.0797972 -0.9968112 0
vn -0.0797972 -0.9968112 0
vn -0.0797972 -0.9968112 0
vn -0.0797972 -0.9968112 0
vn -0.0797972 -0.9968112 0
vn -0.0797972 -0.9968112 0
vn -0.0797972 -0.9968112 0
vn -0.0797972 -0.9968112 0
vn -0.0797972 -0.9968112 0
vn -0.0797972 -0.9968112 0
vn -0.0797972 -0.9968112 0
vn -0.0797972 -0.9968112 0
vn -0.0797972 -0.9968112 0
vn -0.0797972 -0.9968112 0
vn -0.1111262 -0.9938062 0
vn -0.7778291 -0.5227798 0.3488312
vn -0.8412734 -0.5227798 -0.1376964
vn -0.0797972 -0.9968112 0
vn -0.0797972 -0.9968112 0
vn -0.0797972 -0.9968112 0
vn -0.0797972 -0.9968112 0
vn -0.0797972 -0.9968112 0
vn -0.0797972 -0.9968112 0
vn -0.0797972 -0.9968112 0
vn -0.0797972 -0.9968112 0
vn -0.0797972 -0.9968112 0
vn 0.8400016 -0.4593355 0.2888049
vn 0.9351681 -0.07866949 0.3453574
vn 0.9969113 -0.07853548 0
vn 0.8914027 -0.4532124 0
vn -0.0797972 -0.9968112 0
vn -0.9681621 0.07994139 -0.2372164
vn -0.9968193 0.07969634 0
vn -0.0797972 -0.9968112 0
vn -0.9047178 0.0482192 -0.4232737
vn -0.0797972 -0.9968112 0
vn -0.0797972 -0.9968112 0
vn -0.0797972 -0.9968112 0
vn -0.6826626 0.0482192 -0.7291411
vn -0.0797972 -0.9968112 0
vn 0.8400016 -0.4593355 0.2888049
vn 0.8712709 -0.4908026 0
vn 0.9969113 -0.07853548 0
vn 0.8082794 -0.4593355 0.3683684
vn 0.9034459 -0.0469473 0.4261237
vn 0.9969113 -0.07853548 0
vn 0.8400016 -0.4910577 -0.2307806
vn 0.9969113 -0.07853548 0
vn 0.8914027 -0.4532124 0
vn 0.9969113 -0.07853548 0
vn 0.1103917 -0.01522517 -0.9937716
vn 0.1103917 -0.01522517 -0.9937716
vn 0.1103917 -0.01522517 -0.9937716
vn 0.1103917 -0.01522517 -0.9937716
vn 0.0469473 -0.6496686 -0.7587665
vn -0.2702744 0.01649702 -0.962642
vn -0.01649702 -0.4910577 -0.8709708
vn -0.20683 0.01649702 -0.9782378
vn -0.7778291 -0.5227798 0.3488312
vn -0.8412734 -0.5227798 -0.1376964
vn -0.7778291 0.6192182 -0.1074744
vn -0.7143848 0.6192182 0.3259189
vn -0.3337188 0.01649702 0.9425283
vn -0.0797972 -0.9968112 0
vn -0.1111262 -0.9938062 0
vn -0.6509404 0.0482192 0.7575958
vn -0.7778291 -0.5227798 0.3488312
vn -0.7143848 0.6192182 0.3259189
vn 0.01522517 0.9998841 0
vn 0.04690107 0.9988996 0
vn -0.1116636 -0.9351681 0.3361426
vn -0.07994139 -0.9668902 0.2423483
vn -0.07994139 -0.9668902 0.2423483
vn -0.07994139 -0.9351681 0.3450652
vn -0.1116636 -0.8082794 0.5781139
vn -0.1116636 -0.8082794 0.5781139
vn -0.1116636 -0.8082794 0.5781139
vn -0.1116636 -0.8082794 0.5781139
vn -0.1433856 -0.744835 0.6516604
vn -0.1433856 -0.744835 0.6516604
vn -0.1433856 -0.6813907 0.7177376
vn -0.1433856 -0.6813907 0.7177376
vn -0.0797972 -0.9968112 0
vn -0.0797972 -0.9968112 0
vn -0.0797972 -0.9968112 0
vn -0.0797972 -0.9968112 0
vn -0.07994139 -0.9351681 0.3450652
vn -0.9681621 -0.173836 -0.1801202
vn -0.9681621 -0.07866949 -0.2376412
vn -0.9320054 -0.3624445 0
vn -0.8729956 -0.4593355 -0.1639804
vn -0.9681621 0.1433856 -0.2051897
vn -0.9681621 0.1116636 -0.224039
vn -0.9681621 0.1751078 -0.178884
vn -0.9681621 0.1751078 -0.178884
vn 0.8400016 -0.5227798 0.1452536
vn 0.8400016 -0.5227798 0.1452536
vn 0.8717237 -0.4593355 0.1706126
vn 0.990025 -0.1408917 0
vn 0.8717237 -0.4593355 0.1706126
vn 0.9634094 -0.2680341 0
vn 0.9668902 -0.173836 0.1868271
vn 0.8400016 -0.5227798 0.1452536
vn 0.9969113 -0.07853548 0
vn -0.8729956 -0.4593355 -0.1639804
vn -0.9320054 -0.3624445 0
vn -0.8715765 -0.4902595 0
vn -0.0797972 -0.9968112 0
vn -0.0797972 -0.9968112 0
vn -0.0797972 -0.9968112 0
vn -0.0797972 -0.9968112 0
vn -0.0797972 -0.9968112 0
vn 0.9351681 -0.07866949 0.3453574
vn 0.9969113 -0.07853548 0
vn 0.9969113 -0.07853548 0
vn 0.9351681 -0.07866949 0.3453574
vn 0.9351681 -0.0469473 -0.3510792
vn 0.9351681 -0.0469473 -0.3510792
vn 0.0784362 0.9969192 0
vn 0.0784362 0.9969192 0
vn 0.0784362 0.9969192 0
vn 0.0784362 0.9969192 0
vn 0.0784362 0.9969192 0
vn -0.7143848 0.0482192 -0.6980897
vn -0.8412734 0.0482192 -0.5384551
vn -0.8412734 0.0482192 -0.5384551
vn -0.7143848 0.0482192 -0.6980897
vn -0.93644 0.0482192 -0.3474983
vn -0.93644 0.0482192 -0.3474983
vn -0.07994139 -0.9668902 0.2423483
vn -0.07994139 -0.9668902 0.2423483
vn -0.07994139 -0.9668902 0.2423483
vn -0.07994139 -0.9668902 0.2423483
vn 0.8400016 -0.0469473 0.540549
vn 0.8400016 -0.0469473 0.540549
vn 0.8400016 -0.0469473 0.540549
vn 0.0469473 0.9681621 0.2458825
vn 0.0469473 0.9681621 0.2458825
vn 0.0469473 0.9681621 0.2458825
vn 0.0469473 0.9681621 0.2458825
vn -0.9968193 0.07969634 0
vn -0.9968193 0.07969634 0
vn -0.9968193 0.07969634 0
vn 0.1103917 -0.01522517 -0.9937716
vn 0.01522517 -0.8400016 -0.5423703
vn 0.01522517 -0.8717237 -0.4897611
vn 0.1103917 -0.01522517 -0.9937716
vn 0.01522517 -0.8400016 -0.5423703
vn -0.0797972 -0.9968112 0
vn -0.2385522 -0.9668902 -0.09064294
vn -0.2385522 -0.9668902 -0.09064294
vn -0.2385522 -0.9668902 -0.09064294
vn -0.0482192 -0.9986124 0.02116996
vn 0.01522517 -0.8717237 -0.4897611
vn 0.01522517 -0.8717237 -0.4897611
vn 0.1103917 -0.01522517 -0.9937716
vn 0.1103917 -0.01522517 -0.9937716
vn 0.01522517 -0.8717237 -0.4897611
vn 0.9668902 -0.07866949 0.2427641
vn 0.9351681 -0.07866949 0.3453574
vn 0.9351681 -0.07866949 0.3453574
vn 0.9668902 -0.07866949 0.2427641
vn 0.9969113 -0.07853548 0
vn 0.9969113 -0.07853548 0
vn 0.9969113 -0.07853548 0
vn -0.0482192 -0.9986124 -0.02116996
vn -0.2385522 -0.9668902 -0.09064294
vn -0.0482192 -0.9986124 0.02116996
vn -0.0797972 -0.9968112 0
vn -0.0797972 -0.9968112 0
vn -0.0482192 -0.9986124 -0.02116996
vn -0.9968193 0.07969634 0
vn -0.9968193 0.07969634 0
vn -0.9968193 0.07969634 0
vn -0.9968193 0.07969634 0
vn -0.9968193 0.07969634 0
vn -0.1116636 -0.01522517 0.9936295
vn -0.1116636 -0.01522517 0.9936295
vn -0.01649702 -0.01522517 0.999748
vn -0.01649702 -0.01522517 0.999748
vn -0.01649702 -0.01522517 0.999748
vn -0.01649702 -0.01522517 0.999748
vn -0.1116636 -0.01522517 0.9936295
vn -0.1116636 -0.01522517 0.9936295
vn 0.0469473 -0.5862242 -0.8087875
vn 0.0469473 -0.5862242 -0.8087875
vn 0.0469473 -0.5862242 -0.8087875
vn 0.4908026 -0.8712709 0
vn 0.4908026 -0.8712709 0
vn 0.4908026 -0.8712709 0
vn 0.4908026 -0.8712709 0
vn 0.1103917 0.8412734 -0.529219
vn 0.1103917 -0.01522517 -0.9937716
vn 0.1103917 -0.01522517 -0.9937716
vn 0.1103917 0.8412734 -0.529219
vn 0.1103917 0.8412734 -0.529219
vn -0.1109866 0.9938219 0
vn -0.1109866 0.9938219 0
vn 0.04690107 0.9988996 0
vn 0.0784362 0.9969192 0
vn 0.1103917 0.8412734 -0.529219
vn 0.1103917 -0.01522517 -0.9937716
vn 0.1103917 -0.01522517 -0.9937716
vn 0.1103917 0.8729956 -0.4750709
vn 0.1103917 0.8729956 -0.4750709
vn 0.0784362 0.9969192 0
vn 0.0784362 0.9969192 0
vn 0.0784362 0.9969192 0
vn -0.1109866 0.9938219 0
vn 0.04690107 0.9988996 0
vn 0.04690107 0.9988996 0
vn 0.1421138 0.587496 -0.7966505
vn 0.1421138 0.587496 -0.7966505
vn 0.1421138 0.587496 -0.7966505
vn 0.5862242 0.8095512 0.03111237
vn 0.5862242 0.8095512 0.03111237
vn 0.5862242 0.8095512 0.03111237
vn 0.5862242 0.8095512 0.03111237
vn 0.9969113 -0.07853548 0
vn 0.9969113 -0.07853548 0
vn -0.07994139 0.01649702 -0.996663
vn -0.07994139 0.01649702 -0.996663
vn -0.0482192 -0.01522517 0.9987207
vn -0.0482192 -0.01522517 0.9987207
vn -0.07994139 0.01649702 -0.996663
vn -0.07994139 0.01649702 -0.996663
vn -0.9988393 0.04816881 0
vn -0.9988393 0.04816881 0
vn -0.0482192 -0.01522517 0.9987207
vn -0.0482192 -0.01522517 0.9987207
vn -0.1116636 -0.01522517 0.9936295
vn -0.1116636 -0.01522517 0.9936295
vn -0.1116636 -0.01522517 0.9936295
vn -0.1116636 -0.01522517 0.9936295
vn -0.1116636 -0.01522517 0.9936295
vn -0.1116636 -0.01522517 0.9936295
vn 0.0784362 0.9969192 0
vn 0.0784362 0.9969192 0
vn 0.0784362 0.9969192 0
vn 0.0784362 0.9969192 0
vn 0.0784362 0.9969192 0
vn 0.0784362 0.9969192 0
vn 0.0784362 0.9969192 0
vn 0.0784362 0.9969192 0
vn 0.0784362 0.9969192 0
vn -0.9898738 0.1419501 0
vn -0.8729956 0.1433856 0.4661751
vn -0.8729956 0.1433856 0.4661751
vn -0.9898738 0.1419501 0
vn -0.9998841 -0.01522517 0
vn -0.9998841 -0.01522517 0
vn -0.8729956 -0.0469473 0.4854633
vn -0.8729956 -0.0469473 0.4854633
vn 0.1103917 -0.01522517 0.9937716
vn 0.1103917 -0.01522517 0.9937716
vn 0.4593355 -0.0469473 0.8870213
vn 0.4593355 -0.0469473 0.8870213
vn 0.6179464 -0.0469473 0.7848173
vn 0.6179464 -0.0469473 0.7848173
vn -0.07994139 -0.01522517 0.9966833
vn -0.07994139 -0.01522517 0.9966833
vn -0.1433856 0.01649702 0.9895294
vn -0.1433856 0.01649702 0.9895294
vn -0.4288852 0.01649702 0.9032083
vn -0.4288852 0.01649702 0.9032083
vn -0.8729956 0.1433856 0.4661751
vn -0.8729956 0.1433856 0.4661751
vn 0.9969113 -0.07853548 0
vn 0.9969113 -0.07853548 0
vn 0.9351681 -0.0469473 0.3510792
vn 0.9351681 -0.07866949 0.3453574
vn 0.9034459 -0.0469473 0.4261237
vn 0.7131129 -0.0469473 0.6994755
vn 0.7131129 -0.0469473 0.6994755
vn 0.9034459 -0.07866949 0.4214221
vn 0.7131129 -0.0469473 0.6994755
vn 0.7131129 -0.0469473 0.6994755
vn -0.0797972 -0.9968112 0
vn -0.0797972 -0.9968112 0
vn -0.0797972 -0.9968112 0
vn -0.0797972 -0.9968112 0
vn -0.0797972 -0.9968112 0
vn -0.0797972 -0.9968112 0
vn -0.0797972 -0.9968112 0
vn -0.0797972 -0.9968112 0
vn -0.0797972 -0.9968112 0
vn -0.0797972 -0.9968112 0
vn -0.0797972 -0.9968112 0
vn -0.0797972 -0.9968112 0
vn -0.0797972 -0.9968112 0
vn -0.0797972 -0.9968112 0
vn -0.0797972 -0.9968112 0
vn -0.0797972 -0.9968112 0
vn -0.0797972 -0.9968112 0
vn 0.1103917 -0.01522517 0.9937716
vn 0.4593355 -0.0469473 0.8870213
vn 0.4593355 -0.0469473 0.8870213
vn 0.1103917 -0.01522517 0.9937716
vn 0.6179464 -0.0469473 0.7848173
vn 0.6179464 -0.0469473 0.7848173
vn -0.07994139 -0.01522517 0.9966833
vn -0.07994139 -0.01522517 0.9966833
vn -0.1433856 0.01649702 0.9895294
vn -0.4288852 0.01649702 0.9032083
vn -0.4288852 0.01649702 0.9032083
vn -0.1433856 0.01649702 0.9895294
vn -0.8729956 -0.0469473 0.4854633
vn -0.8729956 -0.0469473 0.4854633
vn -0.1116636 -0.01522517 0.9936295
vn -0.1116636 -0.01522517 0.9936295
vn -0.1116636 -0.01522517 0.9936295
vn -0.1116636 -0.01522517 0.9936295
vn 0.0784362 0.9969192 0
vn 0.0784362 0.9969192 0
vn 0.0784362 0.9969192 0
vn 0.0784362 0.9969192 0
vn 0.0784362 0.9969192 0
vn 0.0784362 0.9969192 0
vn 0.0784362 0.9969192 0
vn 0.0784362 0.9969192 0
vn 0.0784362 0.9969192 0
vn 0.0784362 0.9969192 0
vn 0.0784362 0.9969192 0
vn 0.0784362 0.9969192 0
vn 0.0784362 0.9969192 0
vn 0.0784362 0.9969192 0
vn 0.0784362 0.9969192 0
vn 0.0784362 0.9969192 0
vn 0.0784362 0.9969192 0
vn 0.0784362 0.9969192 0
vn 0.0784362 0.9969192 0
vn 0.0784362 0.9969192 0
vn 0.0784362 0.9969192 0
vn 0.0784362 0.9969192 0
vn 0.0784362 0.9969192 0
vn 0.0784362 0.9969192 0
vn 0.0784362 0.9969192 0
vn -0.1433856 0.01649702 -0.9895294
vn -0.2702744 0.01649702 -0.962642
vn -0.2702744 0.01649702 -0.962642
vn -0.1433856 0.01649702 -0.9895294
vn 0.3007247 -0.01522517 -0.9535894
vn 0.3007247 -0.01522517 -0.9535894
vn 0.6179464 -0.0469473 -0.7848173
vn 0.6179464 -0.0469473 -0.7848173
vn 0.6179464 -0.0469473 -0.7848173
vn 0.6179464 -0.0469473 -0.7848173
vn 0.3007247 -0.01522517 0.9535894
vn 0.3007247 -0.01522517 0.9535894
vn 0.5227798 -0.0469473 0.851174
vn 0.5227798 -0.0469473 0.851174
vn -0.3337188 0.01649702 0.9425283
vn -0.3337188 0.01649702 0.9425283
vn -0.6509404 0.0482192 0.7575958
vn -0.6509404 0.0482192 0.7575958
vn 0.2690025 -0.01522517 -0.9630191
vn 0.2690025 -0.01522517 -0.9630191
vn -0.1433856 0.01649702 -0.9895294
vn -0.1433856 0.01649702 -0.9895294
vn -0.3337188 0.01649702 -0.9425283
vn -0.3337188 0.01649702 -0.9425283
vn 0.4276134 -0.01522517 -0.9038335
vn 0.4276134 -0.01522517 -0.9038335
vn -0.0482192 -0.9986124 -0.02116996
vn -0.0482192 -0.9986124 -0.02116996
vn -0.0482192 -0.9986124 -0.02116996
vn -0.0482192 -0.9986124 -0.02116996
vn -0.0797972 -0.9968112 0
vn -0.0797972 -0.9968112 0
vn -0.0797972 -0.9968112 0
vn -0.0797972 -0.9968112 0
vn -0.0797972 -0.9968112 0
vn -0.0797972 -0.9968112 0
vn -0.0797972 -0.9968112 0
vn -0.0797972 -0.9968112 0
vn -0.0797972 -0.9968112 0
vn -0.0797972 -0.9968112 0
vn -0.0797972 -0.9968112 0
vn 0.9969113 -0.07853548 0
vn 0.9969113 -0.07853548 0
vn 0.9969113 -0.07853548 0
vn 0.9969113 -0.07853548 0
vn -0.9968193 0.07969634 0
vn -0.9968193 0.07969634 0
vn -0.9968193 0.07969634 0
vn -0.9968193 0.07969634 0
vn 0.9969113 -0.07853548 0
vn 0.9969113 -0.07853548 0
vn 0.9969113 -0.07853548 0
vn 0.9969113 -0.07853548 0
vn 0.07866949 -0.2372803 -0.9682506
vn 0.1103917 -0.1421138 -0.9836754
vn 0.1103917 -0.1103917 -0.9877385
vn 0.07866949 -0.2372803 -0.9682506
vn 0.1103917 -0.0469473 -0.9927787
vn 0.1103917 -0.0469473 -0.9927787
vn -0.07994139 0.2385522 0.9678338
vn -0.07994139 0.2385522 0.9678338
vn -0.1116636 0.1116636 0.9874525
vn -0.1116636 0.1433856 0.9833472
vn -0.1116636 0.0482192 0.9925755
vn -0.1116636 0.0482192 0.9925755
vn 0.8082794 0.587496 -0.0391509
vn 0.8082794 0.587496 -0.0391509
vn 0.9351681 0.3019966 0.185091
vn 0.9351681 0.3019966 0.185091
vn 0.9986124 -0.01522517 0.05041308
vn 0.9986124 -0.01522517 0.05041308
vn -0.9998841 -0.01522517 0
vn -0.9998841 -0.01522517 0
vn -0.9635003 -0.2677072 0
vn -0.9635003 -0.2677072 0
vn -0.8412734 -0.5227798 0.1376964
vn -0.8412734 -0.5227798 0.1376964
vn 0.5862242 -0.7765572 0.2308681
vn 0.5862242 -0.7765572 0.2308681
vn 0.5862242 -0.7765572 0.2308681
vn 0.5862242 -0.7765572 0.2308681
vn 0.4593355 -0.0469473 0.8870213
vn 0.173836 -0.01522517 0.9846569
vn 0.173836 -0.01522517 0.9846569
vn 0.4593355 -0.0469473 0.8870213
vn 0.9969113 -0.07853548 0
vn 0.9969113 -0.07853548 0
vn 0.9969113 -0.07853548 0
vn 0.9969113 -0.07853548 0
vn -0.9968193 0.07969634 0
vn -0.9968193 0.07969634 0
vn -0.9968193 0.07969634 0
vn -0.9968193 0.07969634 0
vn 0.173836 -0.01522517 0.9846569
vn 0.173836 -0.01522517 0.9846569
vn -0.1116636 -0.01522517 0.9936295
vn -0.1116636 -0.01522517 0.9936295
vn -0.9968193 0.07969634 0
vn -0.9988393 0.04816881 0
vn -0.9968193 0.07969634 0
vn -0.9968193 0.07969634 0
vn -0.9968193 0.07969634 0
vn -0.9968193 0.07969634 0
vn -0.9968193 0.07969634 0
vn -0.9968193 0.07969634 0
vn -0.9968193 0.07969634 0
vn -0.9968193 0.07969634 0
vn -0.9968193 0.07969634 0
vn -0.9968193 0.07969634 0
vn -0.9968193 0.07969634 0
vn -0.9968193 0.07969634 0
vn -0.9968193 0.07969634 0
vn -0.1116636 -0.01522517 0.9936295
vn -0.1116636 -0.01522517 0.9936295
vn -0.1116636 -0.01522517 0.9936295
vn -0.1116636 -0.01522517 0.9936295
vn 0.9969113 -0.07853548 0
vn 0.9969113 -0.07853548 0
vn 0.9969113 -0.07853548 0
vn 0.9969113 -0.07853548 0
vn 0.9969113 -0.07853548 0
vn 0.9969113 -0.07853548 0
vn 0.9969113 -0.07853548 0
vn 0.9969113 -0.07853548 0
vn 0.9969113 -0.07853548 0
vn 0.9969113 -0.07853548 0
vn 0.9969113 -0.07853548 0
vn 0.9969113 -0.07853548 0
vn 0.9969113 -0.07853548 0
vn 0.9969113 -0.07853548 0
vn 0.9969113 -0.07853548 0
vn -0.1116636 -0.01522517 0.9936295
vn -0.1116636 -0.01522517 0.9936295
vn -0.0482192 0.7143848 0.6980897
vn -0.0482192 0.7143848 0.6980897
vn 0.01522517 0.9047178 0.4257393
vn 0.01522517 0.9047178 0.4257393
vn -0.1433856 -0.7131129 0.6862292
vn -0.1433856 -0.7131129 0.6862292
vn -0.1116636 -0.9034459 0.4139043
vn -0.1116636 -0.9034459 0.4139043
vn -0.1116636 -0.8717237 0.4771048
vn -0.1116636 -0.8717237 0.4771048
vn -0.1116636 -0.01522517 0.9936295
vn -0.1116636 -0.01522517 0.9936295
vn 0.01522517 -0.8400016 -0.5423703
vn 0.01522517 -0.8400016 -0.5423703
vn 0.1103917 -0.01522517 -0.9937716
vn 0.1103917 -0.01522517 -0.9937716
vn -0.01649702 0.8729956 0.487449
vn -0.01649702 0.8729956 0.487449
vn 0.1103917 0.8412734 -0.529219
vn 0.1103917 0.8412734 -0.529219
vn 0.1103917 0.8412734 -0.529219
vn 0.1103917 0.8412734 -0.529219
vn -0.1116636 -0.01522517 0.9936295
vn -0.1116636 -0.01522517 0.9936295
vn -0.1116636 -0.01522517 0.9936295
vn -0.1116636 -0.01522517 0.9936295
vn 0.4910577 -0.01522517 -0.870994
vn 0.4910577 -0.01522517 -0.870994
vn 0.4910577 -0.01522517 -0.870994
vn 0.4910577 -0.01522517 -0.870994
vn 0.9668902 -0.0469473 -0.2508371
vn 0.9668902 -0.0469473 -0.2508371
vn 0.9668902 -0.0469473 -0.2508371
vn 0.9668902 -0.0469473 -0.2508371
vn 0.0784362 0.9969192 0
vn 0.0784362 0.9969192 0
vn 0.0784362 0.9969192 0
vn 0.0784362 0.9969192 0
vn -0.0797972 -0.9968112 0
vn -0.0797972 -0.9968112 0
vn -0.0797972 -0.9968112 0
vn -0.0797972 -0.9968112 0
vn -0.8412734 0.4606074 -0.2830192
vn -0.9047178 0.0482192 -0.4232737
vn -0.6826626 0.3337188 -0.6500797
vn -0.9850091 0.1725028 0
vn -0.9681621 -0.2372803 -0.07975149
vn -0.8095512 -0.3324468 -0.4838449
vn -0.6509404 -0.0469473 -0.7576757
vn -0.6826626 0.3337188 -0.6500797
vn 0.9969113 -0.07853548 0
vn 0.9034459 -0.0469473 -0.4261237
vn 0.9034459 -0.0469473 -0.4261237
vn 0.9969113 -0.07853548 0
vn 0.7131129 -0.0469473 -0.6994755
vn 0.7131129 -0.0469473 -0.6994755
vn -0.9047178 0.0482192 0.4232737
vn -0.9047178 0.0482192 0.4232737
vn -0.7778291 0.0482192 0.6266234
vn -0.7778291 0.0482192 0.6266234
vn -0.3654408 0.01649702 0.9306884
vn -0.3654408 0.01649702 0.9306884
vn 0.173836 -0.01522517 0.9846569
vn 0.173836 -0.01522517 0.9846569
vn 0.4276134 -0.0469473 0.9027418
vn 0.4276134 -0.0469473 0.9027418
vn -0.0797972 -0.9968112 0
vn -0.0797972 -0.9968112 0
vn -0.0797972 -0.9968112 0
vn -0.0797972 -0.9968112 0
vn -0.0797972 -0.9968112 0
vn -0.0797972 -0.9968112 0
vn -0.0797972 -0.9968112 0
vn -0.0797972 -0.9968112 0
vn -0.0797972 -0.9968112 0
vn -0.0797972 -0.9968112 0
vn 0.0784362 0.9969192 0
vn 0.0784362 0.9969192 0
vn 0.0784362 0.9969192 0
vn 0.0784362 0.9969192 0
vn 0.0784362 0.9969192 0
vn 0.0784362 0.9969192 0
vn 0.0784362 0.9969192 0
vn 0.0784362 0.9969192 0
vn 0.0784362 0.9969192 0
vn 0.0784362 0.9969192 0
vn -0.01649702 0.01649702 -0.9997278
vn -0.01649702 0.01649702 -0.9997278
vn -0.3019966 0.01649702 -0.9531662
vn -0.3019966 0.01649702 -0.9531662
vn -0.5557739 0.0482192 -0.8299339
vn -0.5557739 0.0482192 -0.8299339
vn 0.6813907 -0.0469473 0.7304127
vn 0.9034459 -0.0469473 0.4261237
vn 0.9034459 -0.0469473 0.4261237
vn 0.6813907 -0.0469473 0.7304127
vn 0.9969113 -0.07853548 0
vn 0.9969113 -0.07853548 0
vn -0.7778291 0.0482192 -0.6266234
vn -0.7778291 0.0482192 -0.6266234
vn -0.93644 0.0482192 -0.3474983
vn -0.93644 0.0482192 -0.3474983
vn -0.93644 0.0482192 0.3474983
vn -0.93644 0.0482192 0.3474983
vn -0.746107 0.0482192 0.6640778
vn -0.746107 0.0482192 0.6640778
vn -0.0797972 -0.9968112 0
vn -0.0797972 -0.9968112 0
vn -0.0797972 -0.9968112 0
vn -0.0797972 -0.9968112 0
vn -0.0797972 -0.9968112 0
vn -0.0797972 -0.9968112 0
vn -0.0797972 -0.9968112 0
vn -0.0797972 -0.9968112 0
vn 0.0784362 0.9969192 0
vn 0.0784362 0.9969192 0
vn 0.0784362 0.9969192 0
vn 0.0784362 0.9969192 0
vn 0.0784362 0.9969192 0
vn 0.0784362 0.9969192 0
vn 0.0784362 0.9969192 0
vn 0.0784362 0.9969192 0
vn 0.6496686 -0.0469473 -0.7587665
vn 0.6496686 -0.0469473 -0.7587665
vn 0.6496686 -0.0469473 -0.7587665
vn 0.6496686 -0.0469473 -0.7587665
vn 0.07866949 0.01649702 -0.9967642
vn -0.5240518 0.0482192 -0.8503203
vn -0.5240518 0.0482192 -0.8503203
vn 0.07866949 0.01649702 -0.9967642
vn 0.2690025 -0.01522517 -0.9630191
vn 0.2690025 -0.01522517 -0.9630191
vn 0.1421138 -0.01522517 -0.9897332
vn 0.1421138 -0.01522517 -0.9897332
vn -0.9047178 0.0482192 -0.4232737
vn -0.9047178 0.0482192 -0.4232737
vn 0.04690107 0.9988996 0
vn 0.04690107 0.9988996 0
vn 0.04690107 0.9988996 0
vn 0.04690107 0.9988996 0
vn 0.0784362 0.9969192 0
vn 0.0784362 0.9969192 0
vn 0.0784362 0.9969192 0
vn 0.0784362 0.9969192 0
vn 0.0784362 0.9969192 0
vn 0.0784362 0.9969192 0
vn 0.0784362 0.9969192 0
vn 0.0784362 0.9969192 0
vn 0.0784362 0.9969192 0
vn 0.0784362 0.9969192 0
vn 0.0784362 0.9969192 0
vn 0.0784362 0.9969192 0
vn 0.0784362 0.9969192 0
vn 0.0784362 0.9969192 0
vn 0.0784362 0.9969192 0
vn 0.0784362 0.9969192 0
vn 0.0784362 0.9969192 0
vn 0.0784362 0.9969192 0
vn 0.0784362 0.9969192 0
vn 0.0784362 0.9969192 0
vn 0.0784362 0.9969192 0
vn 0.0784362 0.9969192 0
vn 0.0784362 0.9969192 0
vn 0.0784362 0.9969192 0
vn 0.0784362 0.9969192 0
vn 0.0784362 0.9969192 0
vn 0.0784362 0.9969192 0
vn 0.0784362 0.9969192 0
vn 0.0784362 0.9969192 0
vn 0.0784362 0.9969192 0
vn 0.0784362 0.9969192 0
vn 0.0784362 0.9969192 0
vn 0.0784362 0.9969192 0
vn 0.0784362 0.9969192 0
vn 0.0784362 0.9969192 0
vn 0.0784362 0.9969192 0
vn 0.0784362 0.9969192 0
vn 0.0784362 0.9969192 0
vn 0.0784362 0.9969192 0
vn -0.2702744 0.01649702 0.962642
vn -0.7143848 0.0482192 0.6980897
vn -0.7143848 0.0482192 0.6980897
vn -0.2702744 0.01649702 0.962642
vn -0.1116636 0.01649702 0.9936091
vn -0.1116636 0.01649702 0.9936091
vn -0.9988393 0.04816881 0
vn -0.9988393 0.04816881 0
vn -0.9047178 0.0482192 -0.4232737
vn -0.9047178 0.0482192 -0.4232737
vn -0.0482192 -0.9986124 -0.02116996
vn -0.0482192 -0.9986124 -0.02116996
vn -0.0482192 -0.9986124 -0.02116996
vn -0.0482192 -0.9986124 -0.02116996
vn -0.0797972 -0.9968112 0
vn -0.0797972 -0.9968112 0
vn -0.0797972 -0.9968112 0
vn -0.0797972 -0.9968112 0
vn -0.0797972 -0.9968112 0
vn -0.0797972 -0.9968112 0
vn -0.0797972 -0.9968112 0
vn -0.0797972 -0.9968112 0
vn -0.0797972 -0.9968112 0
vn -0.0797972 -0.9968112 0
vn -0.0797972 -0.9968112 0
vn -0.0797972 -0.9968112 0
vn -0.0797972 -0.9968112 0
vn -0.0797972 -0.9968112 0
vn -0.0797972 -0.9968112 0
vn -0.0797972 -0.9968112 0
vn -0.0797972 -0.9968112 0
vn -0.0797972 -0.9968112 0
vn -0.0797972 -0.9968112 0
vn -0.0797972 -0.9968112 0
vn -0.0797972 -0.9968112 0
vn -0.0797972 -0.9968112 0
vn -0.0797972 -0.9968112 0
vn -0.0797972 -0.9968112 0
vn -0.0797972 -0.9968112 0
vn -0.0797972 -0.9968112 0
vn -0.0797972 -0.9968112 0
vn -0.0797972 -0.9968112 0
vn -0.0797972 -0.9968112 0
vn -0.0797972 -0.9968112 0
vn -0.0797972 -0.9968112 0
vn -0.0797972 -0.9968112 0
vn -0.0797972 -0.9968112 0
vn -0.0797972 -0.9968112 0
vn -0.0797972 -0.9968112 0
vn -0.0797972 -0.9968112 0
vn -0.0797972 -0.9968112 0
vn -0.0797972 -0.9968112 0
vn -0.0797972 -0.9968112 0
vn 0.9969113 -0.07853548 0
vn 0.9969113 -0.07853548 0
vn 0.9969113 -0.07853548 0
vn 0.9969113 -0.07853548 0
vn 0.9969113 -0.07853548 0
vn 0.9969113 -0.07853548 0
vn 0.9969113 -0.07853548 0
vn 0.9969113 -0.07853548 0
vn 0.1421138 -0.01522517 -0.9897332
vn 0.1421138 -0.01522517 -0.9897332
vn 0.1421138 -0.01522517 -0.9897332
vn 0.1421138 -0.01522517 -0.9897332
vn 0.9034459 -0.0469473 -0.4261237
vn 0.9034459 -0.0469473 -0.4261237
vn 0.3007247 -0.01522517 -0.9535894
vn 0.3007247 -0.01522517 -0.9535894
vn 0.9351681 -0.07866949 0.3453574
vn 0.9351681 -0.07866949 0.3453574
vn 0.4593355 -0.0469473 0.8870213
vn 0.4593355 -0.0469473 0.8870213
vn -0.3019966 0.01649702 0.9531662
vn -0.3019966 0.01649702 0.9531662
vn 0.3007247 -0.01522517 -0.9535894
vn 0.3007247 -0.01522517 -0.9535894
vn -0.4606074 0.0482192 -0.8862932
vn -0.4606074 0.0482192 -0.8862932
vn -0.93644 0.0482192 -0.3474983
vn -0.93644 0.0482192 -0.3474983
vn -0.9047178 0.0482192 0.4232737
vn -0.9047178 0.0482192 0.4232737
vn -0.3019966 0.01649702 0.9531662
vn -0.3019966 0.01649702 0.9531662
vn -0.2702744 0.01649702 -0.962642
vn -0.2702744 0.01649702 -0.962642
vn -0.8095512 0.0482192 -0.5850655
vn -0.8095512 0.0482192 -0.5850655
vn -0.9988393 0.04816881 0
vn -0.9988393 0.04816881 0
vn -0.6509404 0.01649702 0.7589495
vn -0.6826626 0.01649702 0.7305475
vn 0.1103917 -0.01522517 0.9937716
vn 0.1103917 -0.01522517 0.9937716
vn 0.364169 -0.01522517 -0.9312084
vn 0.364169 -0.01522517 -0.9312084
vn -0.3019966 0.01649702 0.9531662
vn -0.3019966 0.01649702 0.9531662
vn 0.4593355 -0.0469473 0.8870213
vn 0.4593355 -0.0469473 0.8870213
vn 0.9351681 -0.07866949 0.3453574
vn 0.9351681 -0.07866949 0.3453574
vn 0.9034459 -0.0469473 -0.4261237
vn 0.9034459 -0.0469473 -0.4261237
vn 0.3007247 -0.01522517 -0.9535894
vn 0.3007247 -0.01522517 -0.9535894
vn 0.3007247 -0.01522517 -0.9535894
vn 0.3007247 -0.01522517 -0.9535894
vn -0.4606074 0.0482192 -0.8862932
vn -0.4606074 0.0482192 -0.8862932
vn -0.93644 0.0482192 -0.3474983
vn -0.93644 0.0482192 -0.3474983
vn -0.9047178 0.0482192 0.4232737
vn -0.9047178 0.0482192 0.4232737
vn -0.3019966 0.01649702 0.9531662
vn -0.3019966 0.01649702 0.9531662
vn -0.6509404 0.0482192 0.7575958
vn -0.6509404 0.0482192 0.7575958
vn 0.07866949 -0.01522517 0.9967845
vn 0.07866949 -0.01522517 0.9967845
vn -0.9988393 0.04816881 0
vn -0.9988393 0.04816881 0
vn -0.746107 0.0482192 -0.6640778
vn -0.746107 0.0482192 -0.6640778
vn -0.07994139 0.01649702 -0.996663
vn -0.07994139 0.01649702 -0.996663
vn 0.07866949 -0.01522517 0.9967845
vn 0.07866949 -0.01522517 0.9967845
vn 0.744835 -0.0469473 0.665595
vn 0.744835 -0.0469473 0.665595
vn 0.9969113 -0.07853548 0
vn 0.9969113 -0.07853548 0
vn 0.6496686 -0.0469473 -0.7587665
vn 0.6496686 -0.0469473 -0.7587665
vn -0.07994139 0.01649702 -0.996663
vn -0.07994139 0.01649702 -0.996663
vn 0.1103917 -0.01522517 0.9937716
vn 0.1103917 -0.01522517 0.9937716
vn 0.8717237 -0.0469473 0.4877435
vn 0.8717237 -0.0469473 0.4877435
vn 0.9034459 -0.0469473 -0.4261237
vn 0.9351681 -0.0469473 -0.3510792
vn 0.364169 -0.01522517 -0.9312084
vn 0.364169 -0.01522517 -0.9312084
vn 0.07866949 0.01649702 -0.9967642
vn 0.07866949 0.01649702 -0.9967642
vn -0.5240518 0.0482192 -0.8503203
vn -0.5240518 0.0482192 -0.8503203
vn 0.2690025 -0.01522517 -0.9630191
vn 0.2690025 -0.01522517 -0.9630191
vn 0.1421138 -0.01522517 -0.9897332
vn 0.1421138 -0.01522517 -0.9897332
vn -0.9047178 0.0482192 -0.4232737
vn -0.9047178 0.0482192 -0.4232737
vn -0.0797972 -0.9968112 0
vn -0.0797972 -0.9968112 0
vn -0.0797972 -0.9968112 0
vn -0.0797972 -0.9968112 0
vn -0.0797972 -0.9968112 0
vn -0.0797972 -0.9968112 0
vn -0.0797972 -0.9968112 0
vn -0.0797972 -0.9968112 0
vn -0.0797972 -0.9968112 0
vn -0.0797972 -0.9968112 0
vn -0.0797972 -0.9968112 0
vn -0.0797972 -0.9968112 0
vn -0.0797972 -0.9968112 0
vn -0.0797972 -0.9968112 0
vn -0.0797972 -0.9968112 0
vn -0.0797972 -0.9968112 0
vn -0.0797972 -0.9968112 0
vn -0.0797972 -0.9968112 0
vn -0.0482192 -0.9986124 -0.02116996
vn -0.0797972 -0.9968112 0
vn -0.0482192 -0.9986124 -0.02116996
vn -0.0482192 -0.9986124 -0.02116996
vn -0.0482192 -0.9986124 -0.02116996
vn -0.0797972 -0.9968112 0
vn -0.0797972 -0.9968112 0
vn -0.0797972 -0.9968112 0
vn -0.0797972 -0.9968112 0
vn -0.0797972 -0.9968112 0
vn -0.0482192 -0.9986124 -0.02116996
vn -0.0482192 -0.9986124 -0.02116996
vn -0.0482192 -0.9986124 -0.02116996
vn -0.0482192 -0.9986124 -0.02116996
vn -0.0482192 -0.9986124 -0.02116996
vn -0.0797972 -0.9968112 0
vn -0.0797972 -0.9968112 0
vn -0.0797972 -0.9968112 0
vn -0.0797972 -0.9968112 0
vn -0.0797972 -0.9968112 0
vn -0.0482192 -0.9986124 -0.02116996
vn -0.0482192 -0.9986124 -0.02116996
vn -0.0797972 -0.9968112 0
vn -0.0482192 -0.9986124 -0.02116996
vn -0.0482192 -0.9986124 -0.02116996
vn -0.2702744 0.01649702 0.962642
vn -0.2702744 0.01649702 0.962642
vn -0.7143848 0.0482192 0.6980897
vn -0.7143848 0.0482192 0.6980897
vn -0.1116636 0.01649702 0.9936091
vn -0.1116636 0.01649702 0.9936091
vn -0.9988393 0.04816881 0
vn -0.9988393 0.04816881 0
vn -0.9047178 0.0482192 -0.4232737
vn -0.9047178 0.0482192 -0.4232737
vn 0.0784362 0.9969192 0
vn 0.0784362 0.9969192 0
vn 0.0784362 0.9969192 0
vn 0.0784362 0.9969192 0
vn 0.0784362 0.9969192 0
vn 0.0784362 0.9969192 0
vn 0.0784362 0.9969192 0
vn 0.0784362 0.9969192 0
vn 0.0784362 0.9969192 0
vn 0.0784362 0.9969192 0
vn 0.0784362 0.9969192 0
vn 0.0784362 0.9969192 0
vn 0.0784362 0.9969192 0
vn 0.0784362 0.9969192 0
vn 0.0784362 0.9969192 0
vn 0.0784362 0.9969192 0
vn 0.0784362 0.9969192 0
vn 0.0784362 0.9969192 0
vn 0.0784362 0.9969192 0
vn 0.0784362 0.9969192 0
vn 0.0784362 0.9969192 0
vn 0.0784362 0.9969192 0
vn 0.0784362 0.9969192 0
vn 0.0784362 0.9969192 0
vn 0.0784362 0.9969192 0
vn 0.0784362 0.9969192 0
vn 0.0784362 0.9969192 0
vn 0.0784362 0.9969192 0
vn 0.0784362 0.9969192 0
vn 0.0784362 0.9969192 0
vn 0.0784362 0.9969192 0
vn 0.0784362 0.9969192 0
vn 0.0784362 0.9969192 0
vn 0.0784362 0.9969192 0
vn 0.0784362 0.9969192 0
vn 0.0784362 0.9969192 0
vn 0.04690107 0.9988996 0
vn 0.0784362 0.9969192 0
vn 0.0784362 0.9969192 0
vn 0.04690107 0.9988996 0
vn 0.04690107 0.9988996 0
vn 0.0784362 0.9969192 0
vn 0.0784362 0.9969192 0
vn 0.9969113 -0.07853548 0
vn 0.9969113 -0.07853548 0
vn 0.9969113 -0.07853548 0
vn 0.9969113 -0.07853548 0
vn 0.9969113 -0.07853548 0
vn 0.9969113 -0.07853548 0
vn 0.9969113 -0.07853548 0
vn 0.9969113 -0.07853548 0
vn 0.1421138 -0.01522517 -0.9897332
vn 0.1421138 -0.01522517 -0.9897332
vn 0.1421138 -0.01522517 -0.9897332
vn 0.1421138 -0.01522517 -0.9897332
vn 0.9034459 -0.0469473 -0.4261237
vn 0.3007247 -0.01522517 -0.9535894
vn 0.3007247 -0.01522517 -0.9535894
vn 0.9034459 -0.0469473 -0.4261237
vn 0.9351681 -0.07866949 0.3453574
vn 0.9351681 -0.07866949 0.3453574
vn 0.4593355 -0.0469473 0.8870213
vn 0.4593355 -0.0469473 0.8870213
vn -0.3019966 0.01649702 0.9531662
vn -0.3019966 0.01649702 0.9531662
vn 0.3007247 -0.01522517 -0.9535894
vn -0.4606074 0.0482192 -0.8862932
vn -0.4606074 0.0482192 -0.8862932
vn 0.3007247 -0.01522517 -0.9535894
vn -0.93644 0.0482192 -0.3474983
vn -0.93644 0.07994139 -0.3415985
vn -0.9047178 0.0482192 0.4232737
vn -0.9047178 0.0482192 0.4232737
vn -0.3019966 0.01649702 0.9531662
vn -0.3019966 0.01649702 0.9531662
vn -0.2702744 0.01649702 -0.962642
vn -0.8095512 0.0482192 -0.5850655
vn -0.8095512 0.0482192 -0.5850655
vn -0.2702744 0.01649702 -0.962642
vn -0.9968193 0.07969634 0
vn -0.9968193 0.07969634 0
vn -0.6509404 0.0482192 0.7575958
vn -0.6826626 0.0482192 0.7291411
vn 0.1103917 -0.01522517 0.9937716
vn 0.1103917 -0.01522517 0.9937716
vn 0.364169 -0.01522517 -0.9312084
vn 0.364169 -0.01522517 -0.9312084
vn -0.3019966 0.01649702 0.9531662
vn 0.4593355 -0.0469473 0.8870213
vn 0.4593355 -0.0469473 0.8870213
vn -0.3019966 0.01649702 0.9531662
vn 0.9351681 -0.07866949 0.3453574
vn 0.9351681 -0.07866949 0.3453574
vn 0.9034459 -0.0469473 -0.4261237
vn 0.9034459 -0.0469473 -0.4261237
vn 0.3007247 -0.01522517 -0.9535894
vn 0.3007247 -0.01522517 -0.9535894
vn 0.3007247 -0.01522517 -0.9535894
vn -0.4606074 0.0482192 -0.8862932
vn -0.4606074 0.0482192 -0.8862932
vn 0.3007247 -0.01522517 -0.9535894
vn -0.93644 0.0482192 -0.3474983
vn -0.93644 0.0482192 -0.3474983
vn -0.9047178 0.0482192 0.4232737
vn -0.9047178 0.0482192 0.4232737
vn -0.3019966 0.01649702 0.9531662
vn -0.3019966 0.01649702 0.9531662
vn -0.6509404 0.0482192 0.7575958
vn 0.07866949 -0.01522517 0.9967845
vn 0.07866949 -0.01522517 0.9967845
vn -0.6509404 0.0482192 0.7575958
vn -0.9968193 0.07969634 0
vn -0.9968193 0.07969634 0
vn -0.746107 0.0482192 -0.6640778
vn -0.746107 0.0482192 -0.6640778
vn -0.07994139 0.01649702 -0.996663
vn -0.07994139 0.01649702 -0.996663
vn 0.07866949 -0.01522517 0.9967845
vn 0.744835 -0.0469473 0.665595
vn 0.744835 -0.0469473 0.665595
vn 0.07866949 -0.01522517 0.9967845
vn 0.9969113 -0.07853548 0
vn 0.9969113 -0.07853548 0
vn 0.6496686 -0.0469473 -0.7587665
vn 0.6496686 -0.0469473 -0.7587665
vn -0.07994139 0.01649702 -0.996663
vn -0.07994139 0.01649702 -0.996663
vn 0.1103917 -0.01522517 0.9937716
vn 0.8717237 -0.0469473 0.4877435
vn 0.8717237 -0.0469473 0.4877435
vn 0.1103917 -0.01522517 0.9937716
vn 0.9034459 -0.0469473 -0.4261237
vn 0.9351681 -0.0469473 -0.3510792
vn 0.364169 -0.01522517 -0.9312084
vn 0.364169 -0.01522517 -0.9312084
vn 0.01522517 -0.8717237 -0.4897611
vn 0.01522517 -0.8717237 -0.4897611
vn -0.0797972 -0.9968112 0
vn -0.0797972 -0.9968112 0
vn 0.04690107 0.9988996 0
vn 0.1103917 0.8729956 -0.4750709
vn 0.1103917 0.8729956 -0.4750709
vn 0.04690107 0.9988996 0
vn 0.04690107 0.9988996 0
vn 0.04690107 0.9988996 0
vn 0.04690107 0.9988996 0
vn 0.04690107 0.9988996 0
vn 0.04690107 0.9988996 0
vn -0.0797972 -0.9968112 0
vn -0.0797972 -0.9968112 0
vn -0.0797972 -0.9968112 0
vn -0.0797972 -0.9968112 0
vn -0.0797972 -0.9968112 0
vn -0.1433856 -0.5862242 0.7973592
vn -0.1433856 -0.5862242 0.7973592
vn -0.1433856 -0.5862242 0.7973592
vn -0.1109866 0.9938219 0
vn 0.0784362 0.9969192 0
vn -0.0482192 0.587496 0.8077891
vn -0.0797972 -0.9968112 0
vn -0.0797972 -0.9968112 0
vn -0.0797972 -0.9968112 0
vn -0.0797972 -0.9968112 0
vn -0.0797972 -0.9968112 0
vn -0.0482192 -0.01522517 0.9987207
vn -0.0482192 -0.01522517 0.9987207
vn -0.0482192 -0.01522517 0.9987207
vn -0.0482192 -0.01522517 0.9987207
vn 0.173836 -0.01522517 -0.9846569
vn 0.173836 -0.01522517 -0.9846569
vn 0.173836 -0.01522517 -0.9846569
vn 0.173836 -0.01522517 -0.9846569
vn 0.9969113 -0.07853548 0
vn 0.9969113 -0.07853548 0
vn 0.9969113 -0.07853548 0
vn 0.9969113 -0.07853548 0
vn -0.7778291 0.0482192 -0.6266234
vn -0.7778291 0.0482192 -0.6266234
vn -0.7778291 0.0482192 -0.6266234
vn -0.7778291 0.0482192 -0.6266234
vn -0.9047178 0.0482192 0.4232737
vn -0.9047178 0.0482192 0.4232737
vn -0.9047178 0.0482192 0.4232737
vn -0.9047178 0.0482192 0.4232737
vn 0.1103917 -0.01522517 -0.9937716
vn 0.1103917 0.01649702 -0.9937512
vn 0.1103917 0.7778291 -0.6187048
vn 0.1103917 0.8412734 -0.529219
vn -0.01649702 0.9047178 0.4256918
vn -0.01649702 0.8729956 0.487449
vn -0.1433856 0.01649702 0.9895294
vn -0.1116636 -0.01522517 0.9936295
vn -0.1116636 -0.01522517 0.9936295
vn -0.1433856 0.01649702 0.9895294
vn -0.1433856 -0.9034459 0.4040125
vn -0.1433856 -0.8717237 0.4685492
vn -0.01649702 -0.8400016 -0.5423331
vn 0.01522517 -0.7765572 -0.6298627
vn 0.1103917 0.01649702 -0.9937512
vn 0.1103917 -0.01522517 -0.9937716
vn 0.1103917 0.7778291 -0.6187048
vn 0.1103917 0.01649702 -0.9937512
vn 0.1103917 0.01649702 -0.9937512
vn 0.07866949 0.746107 -0.6611623
vn -0.01649702 0.9047178 0.4256918
vn 0.01522517 0.9998841 0
vn -0.07994139 0.746107 0.6610097
vn -0.1433856 0.01649702 0.9895294
vn -0.1751078 0.01649702 0.984411
vn -0.1433856 -0.9034459 0.4040125
vn -0.1433856 0.01649702 0.9895294
vn -0.1751078 0.01649702 0.984411
vn -0.1751078 -0.744835 0.6438618
vn -0.1111262 -0.9938062 0
vn 0.01522517 -0.7765572 -0.6298627
vn -0.01649702 -0.744835 -0.6670447
vn 0.1103917 0.01649702 -0.9937512
vn 0.1103917 0.01649702 -0.9937512
vn 0.9969113 -0.07853548 0
vn 0.9969113 -0.07853548 0
vn 0.9969113 -0.07853548 0
vn 0.9969113 -0.07853548 0
vn 0.9969113 -0.07853548 0
vn 0.9969113 -0.07853548 0
vn 0.9969113 -0.07853548 0
vn 0.9969113 -0.07853548 0
vn -0.0797972 -0.9968112 0
vn -0.0797972 -0.9968112 0
vn -0.0797972 -0.9968112 0
vn -0.0797972 -0.9968112 0
vn -0.9968193 0.07969634 0
vn -0.9968193 0.07969634 0
vn -0.9968193 0.07969634 0
vn -0.9968193 0.07969634 0
vn -0.9988393 0.04816881 0
vn -0.9988393 0.04816881 0
vn -0.9988393 0.04816881 0
vn -0.9988393 0.04816881 0
vn 0.0784362 0.9969192 0
vn 0.0784362 0.9969192 0
vn 0.0784362 0.9969192 0
vn 0.0784362 0.9969192 0
vn 0.0784362 0.9969192 0
vn -0.1116636 -0.01522517 0.9936295
vn -0.1116636 -0.01522517 0.9936295
vn -0.1116636 -0.01522517 0.9936295
vn -0.1116636 -0.01522517 0.9936295
vn -0.1116636 -0.01522517 0.9936295
vn -0.1116636 -0.01522517 0.9936295
vn -0.1116636 -0.01522517 0.9936295
vn -0.1116636 -0.01522517 0.9936295
vn -0.1116636 -0.01522517 0.9936295
vn -0.1116636 -0.01522517 0.9936295
vn -0.1116636 -0.01522517 0.9936295
vn -0.1116636 -0.01522517 0.9936295
vn -0.1116636 -0.01522517 0.9936295
vn -0.1116636 -0.01522517 0.9936295
vn -0.1116636 -0.01522517 0.9936295
vn -0.1116636 -0.01522517 0.9936295
vn -0.9968193 0.07969634 0
vn -0.9968193 0.07969634 0
vn -0.9968193 0.07969634 0
vn -0.9968193 0.07969634 0
vn 0.07866949 0.01649702 -0.9967642
vn 0.07866949 0.01649702 -0.9967642
vn 0.07866949 0.01649702 -0.9967642
vn 0.07866949 0.01649702 -0.9967642
vn 0.04690107 0.9988996 0
vn 0.04690107 0.9988996 0
vn 0.04690107 0.9988996 0
vn 0.04690107 0.9988996 0
vn -0.0482192 -0.9986124 -0.02116996
vn -0.0482192 -0.9986124 -0.02116996
vn -0.0482192 -0.9986124 -0.02116996
vn -0.0482192 -0.9986124 -0.02116996
vn -0.0482192 -0.9986124 -0.02116996
vn -0.0797972 -0.9968112 0
vn -0.1116636 -0.01522517 0.9936295
vn -0.1116636 -0.01522517 0.9936295
vn -0.1116636 -0.01522517 0.9936295
vn -0.1116636 -0.01522517 0.9936295
vn 0.9969113 -0.07853548 0
vn 0.9969113 -0.07853548 0
vn 0.9969113 -0.07853548 0
vn 0.9969113 -0.07853548 0
vn 0.9969113 -0.07853548 0
vn 0.9969113 -0.07853548 0
vn 0.9969113 -0.07853548 0
vn 0.9969113 -0.07853548 0
vn 0.9986124 -0.0469473 0.02385867
vn 0.9969113 -0.07853548 0
vn 0.9986124 -0.0469473 0.02385867
vn 0.9986124 -0.0469473 0.02385867
vn 0.9986124 -0.0469473 0.02385867
vn 0.9969113 -0.07853548 0
vn 0.9969113 -0.07853548 0
vn 0.9986124 -0.0469473 0.02385867
vn 0.9986124 -0.0469473 0.02385867
vn 0.9969113 -0.07853548 0
vn 0.9986124 -0.0469473 0.02385867
vn -0.999864 0.01649668 0
vn -0.999864 0.01649668 0
vn -0.999864 0.01649668 0
vn -0.9988393 0.04816881 0
vn -0.999864 0.01649668 0
vn -0.9681621 0.0482192 -0.2456362
vn -0.93644 0.07994139 -0.3415985
vn -0.9681621 0.1116636 -0.224039
vn -0.9681621 0.07994139 -0.2372164
vn -0.9681621 0.1116636 -0.224039
vn -0.9938219 0.1109866 0
vn -0.9938219 0.1109866 0
vn -0.9968193 0.07969634 0
vn -0.9968193 0.07969634 0
vn 0.1421138 -0.07866949 -0.9867192
vn 0.1103917 -0.07866949 -0.9907698
vn 0.07866949 -0.01522517 -0.9967845
vn 0.173836 -0.0469473 -0.9836549
vn 0.173836 -0.0469473 -0.9836549
vn 0.07866949 0.01649702 -0.9967642
vn 0.07866949 0.01649702 -0.9967642
vn 0.1103917 0.0482192 -0.9927177
vn 0.1421138 0.07994139 -0.986617
vn 0.173836 0.0482192 -0.9835933
vn 0.2055582 -0.01522517 -0.9785265
vn 0.173836 0.0482192 -0.9835933
vn 0.2372803 0.8095512 -0.5369589
vn 0.2372803 -0.01522517 -0.9713219
vn 0.4910577 -0.01522517 -0.870994
vn 0.4593355 0.746107 -0.4820117
vn 0.1103917 0.8095512 0.5765765
vn 0.3324468 0.7143848 0.6157382
vn -0.01649702 -0.01522517 0.999748
vn 0.1103917 0.8095512 0.5765765
vn 0.3324468 0.7143848 0.6157382
vn 0.3324468 -0.01522517 0.9429991
vn -0.01649702 -0.8400016 0.5423331
vn -0.01649702 -0.01522517 0.999748
vn 0.3324468 -0.01522517 0.9429991
vn 0.2372803 -0.7765572 0.5836582
vn 0.1421138 -0.8400016 -0.5236421
vn -0.01649702 -0.8400016 0.5423331
vn 0.2372803 -0.7765572 0.5836582
vn 0.364169 -0.8082794 -0.4626719
vn 0.2372803 -0.01522517 -0.9713219
vn 0.1421138 -0.8400016 -0.5236421
vn 0.364169 -0.8082794 -0.4626719
vn 0.4910577 -0.01522517 -0.870994
vn 0.2372803 -0.01522517 -0.9713219
vn 0.2372803 0.8095512 -0.5369589
vn 0.1421138 0.8412734 -0.5215963
vn 0.1421138 -0.01522517 -0.9897332
vn 0.2372803 0.8095512 -0.5369589
vn -0.01649702 0.8412734 0.5403581
vn 0.1103917 0.8095512 0.5765765
vn 0.1103917 0.8095512 0.5765765
vn -0.01649702 -0.01522517 0.999748
vn -0.1116636 -0.01522517 0.9936295
vn -0.01649702 0.8412734 0.5403581
vn -0.01649702 -0.01522517 0.999748
vn -0.01649702 -0.8400016 0.5423331
vn -0.1116636 -0.8400016 0.5309695
vn -0.1116636 -0.01522517 0.9936295
vn -0.01649702 -0.8400016 0.5423331
vn 0.1421138 -0.8400016 -0.5236421
vn 0.01522517 -0.8400016 -0.5423703
vn -0.1116636 -0.8400016 0.5309695
vn 0.1421138 -0.8400016 -0.5236421
vn 0.1421138 -0.01522517 -0.9897332
vn 0.2372803 -0.01522517 -0.9713219
vn 0.6179464 0.6509404 -0.4409295
vn 0.4593355 0.746107 -0.4820117
vn 0.4910577 -0.01522517 -0.870994
vn 0.6179464 -0.0469473 -0.7848173
vn 0.6179464 -0.0469473 -0.7848173
vn 0.4910577 -0.01522517 -0.870994
vn 0.364169 -0.8082794 -0.4626719
vn 0.5227798 -0.7131129 -0.467088
vn 0.5227798 -0.7131129 -0.467088
vn 0.364169 -0.8082794 -0.4626719
vn 0.3007247 -0.9034459 0.3055326
vn 0.2372803 -0.7765572 0.5836582
vn 0.3007247 -0.9034459 0.3055326
vn 0.2372803 -0.7765572 0.5836582
vn 0.3324468 -0.01522517 0.9429991
vn 0.5862242 -0.0469473 0.8087875
vn 0.5862242 -0.0469473 0.8087875
vn 0.3324468 -0.01522517 0.9429991
vn 0.3324468 0.7143848 0.6157382
vn 0.4276134 0.8729956 0.2345751
vn 0.1103917 -0.01522517 -0.9937716
vn 0.1103917 -0.01522517 -0.9937716
vn 0.1421138 0.7143848 -0.6851701
vn 0.1103917 0.7778291 -0.6187048
vn 0.0784362 0.9969192 0
vn -0.01649702 0.9047178 0.4256918
vn -0.0482192 0.746107 0.6640778
vn -0.1433856 0.01649702 0.9895294
vn -0.1433856 0.01649702 0.9895294
vn -0.1433856 0.01649702 0.9895294
vn -0.1433856 0.01649702 0.9895294
vn -0.1433856 -0.744835 0.6516604
vn -0.1116636 -0.9034459 0.4139043
vn -0.0797972 -0.9968112 0
vn 0.01522517 -0.7765572 -0.6298627
vn 0.0469473 -0.7131129 -0.6994755
vn 0.1103917 -0.01522517 -0.9937716
vn 0.1103917 -0.01522517 -0.9937716
vn 0.9969113 -0.07853548 0
vn 0.9969113 -0.07853548 0
vn 0.9969113 -0.07853548 0
vn 0.9969113 -0.07853548 0
vn 0.9969113 -0.07853548 0
vn 0.9969113 -0.07853548 0
vn 0.9969113 -0.07853548 0
vn 0.9969113 -0.07853548 0
vn 0.1421138 0.6509404 -0.7457079
vn 0.07866949 0.9681621 -0.2376413
vn -0.01649702 0.9681621 -0.2497801
vn -0.0482192 0.6826626 -0.729141
vn 0.01522517 0.9998841 0
vn 0.0784362 0.9969192 0
vn 0.1421138 -0.01522517 -0.9897332
vn 0.2690025 -0.01522517 -0.9630191
vn 0.2372803 0.6509404 -0.7210926
vn 0.1421138 0.9681621 -0.2060726
vn 0.07866949 0.9681621 -0.2376413
vn -0.07994139 0.01649702 -0.996663
vn 0.0784362 0.9969192 0
vn 0.07866949 0.9681621 -0.2376413
vn 0.2372803 0.6509404 -0.7210926
vn 0.07866949 0.6509404 -0.7550415
vn 0.01522517 0.01649702 -0.999748
vn 0.0784362 0.9969192 0
vn 0.1103917 0.9681621 -0.2246684
vn 0.04690107 0.9988996 0
vn 0.1103917 0.9681621 -0.2246684
vn 0.2055582 0.6826626 -0.7012258
vn 0.2372803 0.6826626 -0.6911366
vn 0.2690025 -0.01522517 -0.9630191
vn 0.2055582 -0.01522517 -0.9785265
vn 0.07866949 0.6509404 -0.7550415
vn 0.0469473 0.01649702 -0.9987611
vn 0.07866949 0.6509404 -0.7550415
vn 0.01522517 0.01649702 -0.999748
vn 0.07866949 0.6509404 -0.7550415
vn 0.07866949 0.6509404 -0.7550415
vn 0.07866949 0.9681621 -0.2376413
vn -0.1116636 -0.9668902 0.2294658
vn -0.0797972 -0.9968112 0
vn -0.0797972 -0.9968112 0
vn -0.1116636 -0.9668902 0.2294658
vn -0.0797972 -0.9968112 0
vn -0.0797972 -0.9968112 0
vn -0.1116636 -0.9034459 0.4139043
vn -0.1116636 -0.9034459 0.4139043
vn -0.9968193 0.07969634 0
vn -0.9968193 0.07969634 0
vn -0.9968193 0.07969634 0
vn -0.9968193 0.07969634 0
vn -0.9968193 0.07969634 0
vn -0.9968193 0.07969634 0
vn -0.9681621 0.0482192 0.2456362
vn -0.9681621 0.0482192 0.2456362
vn -0.8412734 0.0482192 0.5384551
vn -0.8412734 0.0482192 0.5384551
vn -0.9681621 0.0482192 0.2456362
vn -0.9681621 0.0482192 0.2456362
vn 0.1103917 -0.01522517 0.9937716
vn 0.364169 -0.01522517 0.9312084
vn 0.364169 -0.01522517 0.9312084
vn 0.1103917 -0.01522517 0.9937716
vn -0.1116636 -0.01522517 0.9936295
vn -0.1116636 -0.01522517 0.9936295
vn 0.9351681 -0.0469473 0.3510792
vn 0.9351681 -0.0469473 0.3510792
vn 0.9351681 -0.0469473 0.3510792
vn 0.9351681 -0.0469473 0.3510792
vn 0.9668902 -0.0469473 0.2508371
vn 0.9668902 -0.07866949 0.2427641
vn 0.9668902 -0.07866949 0.2427641
vn 0.9351681 -0.07866949 0.3453574
vn -0.1433856 -0.3007247 0.9428707
vn -0.1433856 0.01649702 0.9895294
vn -0.1433856 0.01649702 0.9895294
vn -0.1433856 -0.3007247 0.9428707
vn 0.0469473 -0.6496686 -0.7587665
vn -0.1433856 -0.6496686 -0.746573
vn -0.1433856 -0.9668902 -0.2111016
vn -0.0482192 -0.9668902 -0.2505957
vn -0.1111262 -0.9938062 0
vn -0.0797972 -0.9968112 0
vn 0.1421138 -0.01522517 -0.9897332
vn 0.2690025 -0.01522517 -0.9630191
vn 0.1421138 -0.6496686 -0.7468162
vn 0.01522517 -0.9668902 -0.2547381
vn -0.0482192 -0.9668902 -0.2505957
vn -0.07994139 0.01649702 -0.996663
vn -0.0797972 -0.9968112 0
vn -0.0482192 -0.9668902 -0.2505957
vn 0.1421138 -0.6496686 -0.7468162
vn -0.01649702 -0.6496686 -0.7600386
vn 0.01522517 0.01649702 -0.999748
vn 0.0469473 0.01649702 -0.9987611
vn 0.01522517 -0.6496686 -0.7600651
vn -0.0482192 -0.9668902 -0.2505957
vn 0.2055582 -0.01522517 -0.9785265
vn 0.1103917 -0.6813907 -0.723547
vn -0.01649702 -0.9668902 -0.2546589
vn -0.01649702 -0.9668902 -0.2546589
vn 0.1421138 -0.7131129 -0.6864938
vn -0.0797972 -0.9968112 0
vn -0.0482192 -0.9986124 -0.02116996
vn -0.01649702 -0.6496686 -0.7600386
vn 0.2690025 -0.01522517 -0.9630191
vn 0.1103917 -0.6813907 -0.723547
vn 0.01522517 0.9681621 0.2498608
vn 0.01522517 0.9681621 0.2498608
vn 0.04690107 0.9988996 0
vn 0.04690107 0.9988996 0
vn 0.04690107 0.9988996 0
vn 0.04690107 0.9988996 0
vn 0.01522517 0.9681621 0.2498608
vn -0.01649702 0.9047178 0.4256918
vn -0.01649702 0.9047178 0.4256918
vn -0.9968193 0.07969634 0
vn -0.9968193 0.07969634 0
vn -0.9968193 0.07969634 0
vn -0.9968193 0.07969634 0
vn -0.9968193 0.07969634 0
vn -0.9968193 0.07969634 0
vn -0.9681621 0.0482192 0.2456362
vn -0.9681621 0.0482192 0.2456362
vn -0.8412734 0.0482192 0.5384551
vn -0.9681621 0.0482192 0.2456362
vn -0.9681621 0.0482192 0.2456362
vn -0.8412734 0.0482192 0.5384551
vn 0.1103917 -0.01522517 0.9937716
vn 0.1103917 -0.01522517 0.9937716
vn 0.364169 -0.01522517 0.9312084
vn 0.364169 -0.01522517 0.9312084
vn -0.1116636 -0.01522517 0.9936295
vn -0.1116636 -0.01522517 0.9936295
vn 0.9351681 -0.07866949 0.3453574
vn 0.9351681 -0.07866949 0.3453574
vn 0.9351681 -0.07866949 0.3453574
vn 0.9351681 -0.07866949 0.3453574
vn 0.9351681 -0.07866949 0.3453574
vn 0.9351681 -0.07866949 0.3453574
vn 0.9351681 -0.07866949 0.3453574
vn 0.9668902 -0.07866949 0.2427641
vn 0.9668902 -0.07866949 0.2427641
vn -0.1116636 0.3019966 0.9467467
vn -0.1116636 0.3019966 0.9467467
vn -0.1433856 0.01649702 0.9895294
vn -0.1433856 0.01649702 0.9895294
vn -0.1116636 -0.01522517 0.9936295
vn -0.1116636 -0.01522517 0.9936295
vn -0.1116636 -0.01522517 0.9936295
vn -0.1116636 -0.01522517 0.9936295
vn 0.0784362 0.9969192 0
vn 0.0784362 0.9969192 0
vn 0.0784362 0.9969192 0
vn 0.0784362 0.9969192 0
vn 0.0784362 0.9969192 0
vn 0.0784362 0.9969192 0
vn 0.0784362 0.9969192 0
vn 0.4276134 0.8729956 0.2345751
vn 0.4593355 0.746107 -0.4820117
vn 0.6179464 0.6509404 -0.4409295
vn 0.3324468 0.7143848 0.6157382
vn -0.2702744 0.01649702 -0.962642
vn 0.0469473 0.4923296 -0.8691418
vn -0.20683 0.01649702 -0.9782378
g 1P_PW_SPAS12_0
f 3/3/3 2/2/2 1/1/1
f 4/4/4 3/3/3 1/1/1
f 7/7/7 6/6/6 5/5/5
f 8/8/8 7/7/7 5/5/5
f 5/5/5 9/9/9 8/8/8
f 10/10/10 7/7/7 8/8/8
f 5/5/5 6/6/6 11/11/11
f 6/6/6 12/12/12 11/11/11
f 11/11/11 12/12/12 13/13/13
f 14/14/14 10/10/10 8/8/8
f 15/15/15 14/14/14 8/8/8
f 16/16/16 9/9/9 5/5/5
f 17/17/17 16/16/16 5/5/5
f 18/18/18 17/17/17 5/5/5
f 18/18/18 19/19/19 17/17/17
f 17/17/17 19/19/19 20/20/20
f 19/19/19 21/21/21 20/20/20
f 21/21/21 22/22/22 20/20/20
f 20/20/20 22/22/22 23/23/23
f 24/24/24 20/20/20 23/23/23
f 27/27/27 26/26/26 25/25/25
f 28/28/28 27/27/27 25/25/25
f 31/31/31 30/30/30 29/29/29
f 32/32/32 31/31/31 29/29/29
f 30/30/30 34/34/34 33/33/33
f 34/34/34 35/35/35 33/33/33
f 36/36/36 35/35/35 34/34/34
f 35/35/35 37/37/37 33/33/33
f 33/33/33 37/37/37 38/38/38
f 39/39/39 33/33/33 38/38/38
f 37/37/37 40/40/40 38/38/38
f 40/40/40 41/41/41 38/38/38
f 41/41/41 42/42/42 38/38/38
f 43/43/43 39/39/39 38/38/38
f 44/44/44 42/42/42 41/41/41
f 36/36/36 45/45/45 35/35/35
f 46/46/46 45/45/45 37/37/37
f 47/47/47 45/45/45 36/36/36
f 48/48/48 42/42/42 44/44/44
f 49/49/49 48/48/48 44/44/44
f 51/51/51 50/50/50 43/43/43
f 51/51/51 52/52/52 50/50/50
f 53/53/53 51/51/51 43/43/43
f 56/56/56 55/55/55 54/54/54
f 57/57/57 56/56/56 54/54/54
f 59/59/59 56/56/56 58/58/58
f 60/60/60 59/59/59 58/58/58
f 63/63/63 62/62/62 61/61/61
f 61/61/61 62/62/62 64/64/64
f 65/65/65 61/61/61 64/64/64
f 62/62/62 63/63/63 66/66/66
f 67/67/67 62/62/62 66/66/66
f 68/68/68 67/67/67 66/66/66
f 71/71/71 70/70/70 69/69/69
f 72/72/72 71/71/71 69/69/69
f 75/75/75 74/74/74 73/73/73
f 73/73/73 74/74/74 76/76/76
f 76/76/76 74/74/74 77/77/77
f 78/78/78 76/76/76 77/77/77
f 81/81/81 80/80/80 79/79/79
f 84/84/84 83/83/83 82/82/82
f 82/82/82 83/83/83 85/85/85
f 83/83/83 86/86/86 85/85/85
f 89/89/89 88/88/88 87/87/87
f 90/90/90 89/89/89 87/87/87
f 93/93/93 92/92/92 91/91/91
f 94/94/94 93/93/93 91/91/91
f 95/95/95 91/91/91 92/92/92
f 91/91/91 96/96/96 94/94/94
f 96/96/96 97/97/97 94/94/94
f 94/94/94 97/97/97 98/98/98
f 97/97/97 99/99/99 98/98/98
f 96/96/96 91/91/91 100/100/100
f 91/91/91 101/101/101 100/100/100
f 100/100/100 101/101/101 102/102/102
f 103/103/103 100/100/100 102/102/102
f 104/104/104 103/103/103 102/102/102
f 93/93/93 105/105/105 92/92/92
f 105/105/105 106/106/106 92/92/92
f 106/106/106 107/107/107 92/92/92
f 108/108/108 91/91/91 95/95/95
f 109/109/109 91/91/91 108/108/108
f 110/110/110 109/109/109 108/108/108
f 109/109/109 110/110/110 111/111/111
f 111/111/111 110/110/110 112/112/112
f 113/113/113 111/111/111 112/112/112
f 113/113/113 112/112/112 114/114/114
f 114/114/114 112/112/112 115/115/115
f 112/112/112 116/116/116 115/115/115
f 119/119/119 118/118/118 117/117/117
f 120/120/120 119/119/119 117/117/117
f 123/123/123 122/122/122 121/121/121
f 124/124/124 123/123/123 121/121/121
f 125/125/125 123/123/123 124/124/124
f 126/126/126 125/125/125 124/124/124
f 125/125/125 126/126/126 127/127/127
f 127/127/127 128/128/128 125/125/125
f 125/125/125 128/128/128 129/129/129
f 128/128/128 130/130/130 129/129/129
f 133/133/133 132/132/132 131/131/131
f 131/131/131 134/134/134 133/133/133
f 134/134/134 135/135/135 133/133/133
f 137/137/137 132/132/132 136/136/136
f 138/138/138 137/137/137 136/136/136
f 140/140/140 139/139/139 137/137/137
f 143/143/143 142/142/142 141/141/141
f 144/144/144 143/143/143 141/141/141
f 147/147/147 146/146/146 145/145/145
f 148/148/148 146/146/146 147/147/147
f 151/151/151 150/150/150 149/149/149
f 152/152/152 151/151/151 149/149/149
f 155/155/155 154/154/154 153/153/153
f 156/156/156 155/155/155 153/153/153
f 155/155/155 156/156/156 157/157/157
f 157/157/157 156/156/156 158/158/158
f 159/159/159 158/158/158 156/156/156
f 156/156/156 153/153/153 159/159/159
f 159/159/159 153/153/153 160/160/160
f 163/163/163 162/162/162 161/161/161
f 164/164/164 163/163/163 161/161/161
f 164/164/164 161/161/161 165/165/165
f 166/166/166 164/164/164 165/165/165
f 169/169/169 168/168/168 167/167/167
f 170/170/170 169/169/169 167/167/167
f 171/171/171 169/169/169 170/170/170
f 172/172/172 171/171/171 170/170/170
f 175/175/175 174/174/174 173/173/173
f 176/176/176 175/175/175 173/173/173
f 174/174/174 177/177/177 173/173/173
f 180/180/180 179/179/179 178/178/178
f 181/181/181 180/180/180 178/178/178
f 178/178/178 179/179/179 182/182/182
f 179/179/179 183/183/183 182/182/182
f 184/184/184 182/182/182 183/183/183
f 185/185/185 184/184/184 183/183/183
f 188/188/188 187/187/187 186/186/186
f 191/191/191 190/190/190 189/189/189
f 192/192/192 191/191/191 189/189/189
f 191/191/191 193/193/193 190/190/190
f 194/194/194 192/192/192 189/189/189
f 197/197/197 196/196/196 195/195/195
f 200/200/200 199/199/199 198/198/198
f 201/201/201 199/199/199 200/200/200
f 202/202/202 201/201/201 200/200/200
f 205/205/205 204/204/204 203/203/203
f 206/206/206 205/205/205 203/203/203
f 207/207/207 204/204/204 205/205/205
f 208/208/208 207/207/207 205/205/205
f 211/211/211 210/210/210 209/209/209
f 212/212/212 210/210/210 211/211/211
f 213/213/213 212/212/212 211/211/211
f 216/216/216 215/215/215 214/214/214
f 217/217/217 216/216/216 214/214/214
f 218/218/218 215/215/215 216/216/216
f 219/219/219 218/218/218 216/216/216
f 222/222/222 221/221/221 220/220/220
f 223/223/223 222/222/222 220/220/220
f 226/226/226 225/225/225 224/224/224
f 229/229/229 228/228/228 227/227/227
f 230/230/230 229/229/229 227/227/227
f 233/233/233 232/232/232 231/231/231
f 236/236/236 235/235/235 234/234/234
f 237/237/237 236/236/236 234/234/234
f 240/240/240 239/239/239 238/238/238
f 241/241/241 240/240/240 238/238/238
f 243/243/243 242/242/242 238/238/238
f 244/244/244 243/243/243 238/238/238
f 247/247/247 246/246/246 245/245/245
f 248/248/248 247/247/247 245/245/245
f 251/251/251 250/250/250 249/249/249
f 252/252/252 251/251/251 249/249/249
f 252/252/252 249/249/249 253/253/253
f 249/249/249 254/254/254 253/253/253
f 254/254/254 255/255/255 253/253/253
f 258/258/258 257/257/257 256/256/256
f 259/259/259 257/257/257 258/258/258
f 260/260/260 259/259/259 258/258/258
f 261/261/261 258/258/258 256/256/256
f 264/264/264 263/263/263 262/262/262
f 265/265/265 264/264/264 262/262/262
f 266/266/266 265/265/265 262/262/262
f 269/269/269 268/268/268 267/267/267
f 270/270/270 269/269/269 267/267/267
f 269/269/269 270/270/270 271/271/271
f 270/270/270 272/272/272 271/271/271
f 273/273/273 271/271/271 272/272/272
f 274/274/274 273/273/273 272/272/272
f 277/277/277 276/276/276 275/275/275
f 280/280/280 279/279/279 278/278/278
f 281/281/281 280/280/280 278/278/278
f 284/284/284 283/283/283 282/282/282
f 285/285/285 284/284/284 282/282/282
f 288/288/288 287/287/287 286/286/286
f 289/289/289 288/288/288 286/286/286
f 287/287/287 290/290/290 286/286/286
f 290/290/290 291/291/291 286/286/286
f 294/294/294 293/293/293 292/292/292
f 295/295/295 294/294/294 292/292/292
f 298/298/298 297/297/297 296/296/296
f 299/299/299 298/298/298 296/296/296
f 299/299/299 300/300/300 298/298/298
f 300/300/300 301/301/301 298/298/298
f 304/304/304 303/303/303 302/302/302
f 307/307/307 306/306/306 305/305/305
f 308/308/308 307/307/307 305/305/305
f 311/311/311 310/310/310 309/309/309
f 312/312/312 311/311/311 309/309/309
f 309/309/309 310/310/310 313/313/313
f 310/310/310 314/314/314 313/313/313
f 317/317/317 316/316/316 315/315/315
f 318/318/318 317/317/317 315/315/315
f 319/319/319 317/317/317 318/318/318
f 320/320/320 319/319/319 318/318/318
f 323/323/323 322/322/322 321/321/321
f 324/324/324 323/323/323 321/321/321
f 325/325/325 324/324/324 321/321/321
f 326/326/326 325/325/325 321/321/321
f 329/329/329 328/328/328 327/327/327
f 330/330/330 328/328/328 329/329/329
f 331/331/331 330/330/330 329/329/329
f 332/332/332 328/328/328 330/330/330
f 333/333/333 330/330/330 331/331/331
f 334/334/334 333/333/333 331/331/331
f 335/335/335 334/334/334 331/331/331
f 338/338/338 337/337/337 336/336/336
f 339/339/339 338/338/338 336/336/336
f 339/339/339 336/336/336 340/340/340
f 341/341/341 339/339/339 340/340/340
f 342/342/342 341/341/341 340/340/340
f 343/343/343 342/342/342 340/340/340
f 346/346/346 345/345/345 344/344/344
f 347/347/347 346/346/346 344/344/344
f 348/348/348 346/346/346 347/347/347
f 349/349/349 348/348/348 347/347/347
f 344/344/344 345/345/345 350/350/350
f 351/351/351 344/344/344 350/350/350
f 354/354/354 353/353/353 352/352/352
f 355/355/355 354/354/354 352/352/352
f 356/356/356 354/354/354 355/355/355
f 357/357/357 356/356/356 355/355/355
f 360/360/360 359/359/359 358/358/358
f 361/361/361 360/360/360 358/358/358
f 362/362/362 359/359/359 360/360/360
f 360/360/360 363/363/363 362/362/362
f 363/363/363 364/364/364 362/362/362
f 365/365/365 361/361/361 358/358/358
f 366/366/366 361/361/361 365/365/365
f 367/367/367 366/366/366 365/365/365
f 370/370/370 369/369/369 368/368/368
f 371/371/371 370/370/370 368/368/368
f 370/370/370 371/371/371 372/372/372
f 373/373/373 370/370/370 372/372/372
f 374/374/374 373/373/373 372/372/372
f 375/375/375 371/371/371 368/368/368
f 378/378/378 377/377/377 376/376/376
f 379/379/379 378/378/378 376/376/376
f 380/380/380 378/378/378 379/379/379
f 381/381/381 377/377/377 378/378/378
f 382/382/382 381/381/381 378/378/378
f 382/382/382 383/383/383 381/381/381
f 383/383/383 384/384/384 381/381/381
f 387/387/387 386/386/386 385/385/385
f 388/388/388 387/387/387 385/385/385
f 387/387/387 389/389/389 386/386/386
f 389/389/389 390/390/390 386/386/386
f 388/388/388 385/385/385 391/391/391
f 385/385/385 392/392/392 391/391/391
f 395/395/395 394/394/394 393/393/393
f 396/396/396 395/395/395 393/393/393
f 395/395/395 397/397/397 394/394/394
f 397/397/397 398/398/398 394/394/394
f 401/401/401 400/400/400 399/399/399
f 402/402/402 401/401/401 399/399/399
f 405/405/405 404/404/404 403/403/403
f 406/406/406 405/405/405 403/403/403
f 404/404/404 405/405/405 407/407/407
f 405/405/405 408/408/408 407/407/407
f 408/408/408 409/409/409 407/407/407
f 404/404/404 410/410/410 403/403/403
f 413/413/413 412/412/412 411/411/411
f 414/414/414 413/413/413 411/411/411
f 415/415/415 414/414/414 411/411/411
f 416/416/416 415/415/415 411/411/411
f 417/417/417 415/415/415 416/416/416
f 418/418/418 417/417/417 416/416/416
f 419/419/419 417/417/417 418/418/418
f 420/420/420 419/419/419 418/418/418
f 421/421/421 419/419/419 420/420/420
f 422/422/422 421/421/421 420/420/420
f 423/423/423 421/421/421 422/422/422
f 424/424/424 423/423/423 422/422/422
f 425/425/425 423/423/423 424/424/424
f 426/426/426 423/423/423 425/425/425
f 427/427/427 426/426/426 425/425/425
f 430/430/430 429/429/429 428/428/428
f 431/431/431 430/430/430 428/428/428
f 432/432/432 431/431/431 428/428/428
f 433/433/433 432/432/432 428/428/428
f 434/434/434 432/432/432 433/433/433
f 435/435/435 434/434/434 433/433/433
f 436/436/436 434/434/434 435/435/435
f 437/437/437 436/436/436 435/435/435
f 440/440/440 439/439/439 438/438/438
f 441/441/441 440/440/440 438/438/438
f 438/438/438 439/439/439 442/442/442
f 443/443/443 438/438/438 442/442/442
f 443/443/443 442/442/442 444/444/444
f 442/442/442 445/445/445 444/444/444
f 448/448/448 447/447/447 446/446/446
f 449/449/449 448/448/448 446/446/446
f 449/449/449 450/450/450 448/448/448
f 450/450/450 451/451/451 448/448/448
f 446/446/446 447/447/447 452/452/452
f 453/453/453 446/446/446 452/452/452
f 456/456/456 455/455/455 454/454/454
f 457/457/457 456/456/456 454/454/454
f 456/456/456 458/458/458 455/455/455
f 458/458/458 459/459/459 455/455/455
f 458/458/458 460/460/460 459/459/459
f 460/460/460 461/461/461 459/459/459
f 460/460/460 462/462/462 461/461/461
f 457/457/457 454/454/454 463/463/463
f 464/464/464 457/457/457 463/463/463
f 464/464/464 463/463/463 465/465/465
f 466/466/466 464/464/464 465/465/465
f 467/467/467 466/466/466 465/465/465
f 462/462/462 467/467/467 465/465/465
f 468/468/468 467/467/467 462/462/462
f 468/468/468 462/462/462 460/460/460
f 471/471/471 470/470/470 469/469/469
f 472/472/472 471/471/471 469/469/469
f 475/475/475 474/474/474 473/473/473
f 476/476/476 475/475/475 473/473/473
f 479/479/479 478/478/478 477/477/477
f 480/480/480 479/479/479 477/477/477
f 483/483/483 482/482/482 481/481/481
f 484/484/484 483/483/483 481/481/481
f 485/485/485 482/482/482 483/483/483
f 486/486/486 485/485/485 483/483/483
f 489/489/489 488/488/488 487/487/487
f 490/490/490 489/489/489 487/487/487
f 491/491/491 489/489/489 490/490/490
f 492/492/492 491/491/491 490/490/490
f 495/495/495 494/494/494 493/493/493
f 496/496/496 495/495/495 493/493/493
f 497/497/497 495/495/495 496/496/496
f 498/498/498 497/497/497 496/496/496
f 501/501/501 500/500/500 499/499/499
f 502/502/502 501/501/501 499/499/499
f 503/503/503 501/501/501 502/502/502
f 504/504/504 503/503/503 502/502/502
f 507/507/507 506/506/506 505/505/505
f 508/508/508 507/507/507 505/505/505
f 511/511/511 510/510/510 509/509/509
f 512/512/512 511/511/511 509/509/509
f 515/515/515 514/514/514 513/513/513
f 516/516/516 515/515/515 513/513/513
f 519/519/519 518/518/518 517/517/517
f 520/520/520 519/519/519 517/517/517
f 523/523/523 522/522/522 521/521/521
f 524/524/524 523/523/523 521/521/521
f 527/527/527 526/526/526 525/525/525
f 527/527/527 525/525/525 528/528/528
f 529/529/529 528/528/528 525/525/525
f 527/527/527 528/528/528 530/530/530
f 528/528/528 531/531/531 530/530/530
f 530/530/530 531/531/531 532/532/532
f 531/531/531 533/533/533 532/532/532
f 533/533/533 534/534/534 532/532/532
f 534/534/534 535/535/535 532/532/532
f 534/534/534 536/536/536 535/535/535
f 536/536/536 537/537/537 535/535/535
f 536/536/536 529/529/529 538/538/538
f 538/538/538 529/529/529 525/525/525
f 537/537/537 536/536/536 538/538/538
f 539/539/539 537/537/537 538/538/538
f 542/542/542 541/541/541 540/540/540
f 543/543/543 542/542/542 540/540/540
f 546/546/546 545/545/545 544/544/544
f 547/547/547 545/545/545 546/546/546
f 548/548/548 546/546/546 544/544/544
f 549/549/549 548/548/548 544/544/544
f 550/550/550 549/549/549 544/544/544
f 548/548/548 549/549/549 551/551/551
f 549/549/549 552/552/552 551/551/551
f 551/551/551 552/552/552 553/553/553
f 552/552/552 554/554/554 553/553/553
f 554/554/554 555/555/555 553/553/553
f 555/555/555 556/556/556 553/553/553
f 557/557/557 547/547/547 556/556/556
f 555/555/555 557/557/557 556/556/556
f 557/557/557 545/545/545 547/547/547
f 557/557/557 558/558/558 545/545/545
f 561/561/561 560/560/560 559/559/559
f 562/562/562 561/561/561 559/559/559
f 563/563/563 561/561/561 562/562/562
f 564/564/564 563/563/563 562/562/562
f 560/560/560 565/565/565 559/559/559
f 565/565/565 566/566/566 559/559/559
f 565/565/565 567/567/567 566/566/566
f 567/567/567 568/568/568 566/566/566
f 571/571/571 570/570/570 569/569/569
f 572/572/572 571/571/571 569/569/569
f 569/569/569 570/570/570 573/573/573
f 570/570/570 574/574/574 573/573/573
f 573/573/573 574/574/574 575/575/575
f 574/574/574 576/576/576 575/575/575
f 571/571/571 572/572/572 577/577/577
f 578/578/578 571/571/571 577/577/577
f 576/576/576 579/579/579 575/575/575
f 579/579/579 580/580/580 575/575/575
f 578/578/578 577/577/577 581/581/581
f 582/582/582 578/578/578 581/581/581
f 585/585/585 584/584/584 583/583/583
f 586/586/586 585/585/585 583/583/583
f 589/589/589 588/588/588 587/587/587
f 590/590/590 589/589/589 587/587/587
f 593/593/593 592/592/592 591/591/591
f 594/594/594 593/593/593 591/591/591
f 597/597/597 596/596/596 595/595/595
f 598/598/598 597/597/597 595/595/595
f 601/601/601 600/600/600 599/599/599
f 602/602/602 600/600/600 601/601/601
f 605/605/605 604/604/604 603/603/603
f 603/603/603 604/604/604 606/606/606
f 606/606/606 604/604/604 607/607/607
f 607/607/607 604/604/604 608/608/608
f 608/608/608 604/604/604 609/609/609
f 609/609/609 604/604/604 610/610/610
f 613/613/613 612/612/612 611/611/611
f 614/614/614 613/613/613 611/611/611
f 615/615/615 612/612/612 613/613/613
f 616/616/616 615/615/615 613/613/613
f 619/619/619 618/618/618 617/617/617
f 620/620/620 619/619/619 617/617/617
f 621/621/621 619/619/619 620/620/620
f 622/622/622 621/621/621 620/620/620
f 623/623/623 621/621/621 622/622/622
f 624/624/624 623/623/623 622/622/622
f 625/625/625 623/623/623 624/624/624
f 626/626/626 625/625/625 624/624/624
f 629/629/629 628/628/628 627/627/627
f 630/630/630 629/629/629 627/627/627
f 631/631/631 629/629/629 630/630/630
f 632/632/632 631/631/631 630/630/630
f 633/633/633 631/631/631 632/632/632
f 634/634/634 633/633/633 632/632/632
f 635/635/635 633/633/633 634/634/634
f 636/636/636 635/635/635 634/634/634
f 639/639/639 638/638/638 637/637/637
f 640/640/640 639/639/639 637/637/637
f 641/641/641 639/639/639 640/640/640
f 642/642/642 641/641/641 640/640/640
f 643/643/643 641/641/641 642/642/642
f 644/644/644 643/643/643 642/642/642
f 645/645/645 643/643/643 644/644/644
f 646/646/646 645/645/645 644/644/644
f 649/649/649 648/648/648 647/647/647
f 650/650/650 649/649/649 647/647/647
f 651/651/651 649/649/649 650/650/650
f 652/652/652 651/651/651 650/650/650
f 655/655/655 654/654/654 653/653/653
f 656/656/656 655/655/655 653/653/653
f 657/657/657 654/654/654 655/655/655
f 658/658/658 657/657/657 655/655/655
f 661/661/661 660/660/660 659/659/659
f 662/662/662 661/661/661 659/659/659
f 663/663/663 661/661/661 662/662/662
f 664/664/664 663/663/663 662/662/662
f 665/665/665 663/663/663 664/664/664
f 666/666/666 665/665/665 664/664/664
f 669/669/669 668/668/668 667/667/667
f 670/670/670 669/669/669 667/667/667
f 671/671/671 669/669/669 670/670/670
f 672/672/672 671/671/671 670/670/670
f 673/673/673 671/671/671 672/672/672
f 674/674/674 673/673/673 672/672/672
f 677/677/677 676/676/676 675/675/675
f 678/678/678 677/677/677 675/675/675
f 679/679/679 677/677/677 678/678/678
f 680/680/680 679/679/679 678/678/678
f 681/681/681 679/679/679 680/680/680
f 682/682/682 681/681/681 680/680/680
f 685/685/685 684/684/684 683/683/683
f 686/686/686 685/685/685 683/683/683
f 689/689/689 688/688/688 687/687/687
f 690/690/690 689/689/689 687/687/687
f 687/687/687 691/691/691 690/690/690
f 691/691/691 692/692/692 690/690/690
f 693/693/693 692/692/692 691/691/691
f 694/694/694 693/693/693 691/691/691
f 695/695/695 688/688/688 689/689/689
f 696/696/696 695/695/695 689/689/689
f 699/699/699 698/698/698 697/697/697
f 700/700/700 699/699/699 697/697/697
f 701/701/701 699/699/699 700/700/700
f 702/702/702 701/701/701 700/700/700
f 703/703/703 701/701/701 702/702/702
f 697/697/697 698/698/698 704/704/704
f 705/705/705 697/697/697 704/704/704
f 706/706/706 697/697/697 705/705/705
f 707/707/707 697/697/697 706/706/706
f 708/708/708 697/697/697 707/707/707
f 709/709/709 708/708/708 707/707/707
f 710/710/710 709/709/709 707/707/707
f 711/711/711 709/709/709 710/710/710
f 712/712/712 711/711/711 710/710/710
f 713/713/713 711/711/711 712/712/712
f 714/714/714 713/713/713 712/712/712
f 713/713/713 714/714/714 715/715/715
f 714/714/714 716/716/716 715/715/715
f 704/704/704 698/698/698 716/716/716
f 716/716/716 698/698/698 715/715/715
f 715/715/715 698/698/698 717/717/717
f 718/718/718 715/715/715 717/717/717
f 719/719/719 718/718/718 717/717/717
f 719/719/719 720/720/720 718/718/718
f 720/720/720 721/721/721 718/718/718
f 721/721/721 720/720/720 722/722/722
f 708/708/708 722/722/722 723/723/723
f 722/722/722 724/724/724 723/723/723
f 720/720/720 724/724/724 722/722/722
f 698/698/698 725/725/725 717/717/717
f 717/717/717 725/725/725 726/726/726
f 727/727/727 717/717/717 726/726/726
f 728/728/728 727/727/727 726/726/726
f 727/727/727 728/728/728 729/729/729
f 728/728/728 730/730/730 729/729/729
f 730/730/730 731/731/731 729/729/729
f 731/731/731 730/730/730 723/723/723
f 730/730/730 732/732/732 723/723/723
f 723/723/723 733/733/733 708/708/708
f 732/732/732 733/733/733 723/723/723
f 733/733/733 697/697/697 708/708/708
f 734/734/734 733/733/733 732/732/732
f 735/735/735 733/733/733 734/734/734
f 725/725/725 736/736/736 735/735/735
f 735/735/735 737/737/737 725/725/725
f 734/734/734 737/737/737 735/735/735
f 737/737/737 738/738/738 725/725/725
f 739/739/739 725/725/725 738/738/738
f 726/726/726 725/725/725 739/739/739
f 742/742/742 741/741/741 740/740/740
f 743/743/743 742/742/742 740/740/740
f 743/743/743 740/740/740 744/744/744
f 740/740/740 745/745/745 744/744/744
f 741/741/741 742/742/742 746/746/746
f 742/742/742 747/747/747 746/746/746
f 746/746/746 747/747/747 748/748/748
f 747/747/747 749/749/749 748/748/748
f 752/752/752 751/751/751 750/750/750
f 753/753/753 752/752/752 750/750/750
f 753/753/753 754/754/754 752/752/752
f 754/754/754 755/755/755 752/752/752
f 756/756/756 755/755/755 754/754/754
f 751/751/751 757/757/757 750/750/750
f 758/758/758 757/757/757 751/751/751
f 759/759/759 758/758/758 751/751/751
f 757/757/757 760/760/760 750/750/750
f 761/761/761 759/759/759 751/751/751
f 762/762/762 759/759/759 761/761/761
f 763/763/763 762/762/762 761/761/761
f 764/764/764 762/762/762 763/763/763
f 765/765/765 764/764/764 763/763/763
f 765/765/765 766/766/766 764/764/764
f 766/766/766 767/767/767 764/764/764
f 767/767/767 766/766/766 768/768/768
f 766/766/766 769/769/769 768/768/768
f 768/768/768 769/769/769 750/750/750
f 760/760/760 768/768/768 750/750/750
f 750/750/750 769/769/769 770/770/770
f 769/769/769 771/771/771 770/770/770
f 772/772/772 771/771/771 769/769/769
f 773/773/773 772/772/772 769/769/769
f 772/772/772 773/773/773 774/774/774
f 773/773/773 775/775/775 774/774/774
f 774/774/774 775/775/775 776/776/776
f 775/775/775 777/777/777 776/776/776
f 776/776/776 777/777/777 778/778/778
f 777/777/777 761/761/761 778/778/778
f 770/770/770 771/771/771 779/779/779
f 771/771/771 780/780/780 779/779/779
f 779/779/779 780/780/780 781/781/781
f 780/780/780 782/782/782 781/781/781
f 781/781/781 782/782/782 783/783/783
f 782/782/782 784/784/784 783/783/783
f 784/784/784 778/778/778 785/785/785
f 783/783/783 784/784/784 785/785/785
f 785/785/785 778/778/778 786/786/786
f 787/787/787 785/785/785 786/786/786
f 778/778/778 761/761/761 751/751/751
f 786/786/786 778/778/778 751/751/751
f 788/788/788 787/787/787 786/786/786
f 787/787/787 788/788/788 789/789/789
f 789/789/789 788/788/788 790/790/790
f 788/788/788 770/770/770 790/790/790
f 788/788/788 791/791/791 770/770/770
f 792/792/792 770/770/770 779/779/779
f 790/790/790 770/770/770 792/792/792
f 795/795/795 794/794/794 793/793/793
f 796/796/796 795/795/795 793/793/793
f 799/799/799 798/798/798 797/797/797
f 800/800/800 799/799/799 797/797/797
f 803/803/803 802/802/802 801/801/801
f 804/804/804 803/803/803 801/801/801
f 807/807/807 806/806/806 805/805/805
f 808/808/808 807/807/807 805/805/805
f 805/805/805 806/806/806 809/809/809
f 806/806/806 810/810/810 809/809/809
f 809/809/809 810/810/810 811/811/811
f 810/810/810 812/812/812 811/811/811
f 811/811/811 812/812/812 813/813/813
f 812/812/812 814/814/814 813/813/813
f 817/817/817 816/816/816 815/815/815
f 818/818/818 817/817/817 815/815/815
f 819/819/819 817/817/817 818/818/818
f 820/820/820 819/819/819 818/818/818
f 820/820/820 821/821/821 819/819/819
f 821/821/821 822/822/822 819/819/819
f 823/823/823 822/822/822 821/821/821
f 824/824/824 823/823/823 821/821/821
f 827/827/827 826/826/826 825/825/825
f 828/828/828 827/827/827 825/825/825
f 829/829/829 827/827/827 828/828/828
f 830/830/830 829/829/829 828/828/828
f 829/829/829 830/830/830 831/831/831
f 830/830/830 832/832/832 831/831/831
f 833/833/833 831/831/831 832/832/832
f 834/834/834 833/833/833 832/832/832
f 835/835/835 825/825/825 826/826/826
f 836/836/836 835/835/835 826/826/826
f 839/839/839 838/838/838 837/837/837
f 840/840/840 839/839/839 837/837/837
f 841/841/841 839/839/839 840/840/840
f 842/842/842 841/841/841 840/840/840
f 843/843/843 841/841/841 842/842/842
f 844/844/844 843/843/843 842/842/842
f 845/845/845 843/843/843 844/844/844
f 846/846/846 845/845/845 844/844/844
f 849/849/849 848/848/848 847/847/847
f 850/850/850 849/849/849 847/847/847
f 851/851/851 849/849/849 850/850/850
f 852/852/852 851/851/851 850/850/850
f 853/853/853 851/851/851 852/852/852
f 854/854/854 853/853/853 852/852/852
f 855/855/855 853/853/853 854/854/854
f 856/856/856 855/855/855 854/854/854
f 859/859/859 858/858/858 857/857/857
f 860/860/860 859/859/859 857/857/857
f 857/857/857 858/858/858 861/861/861
f 858/858/858 862/862/862 861/861/861
f 861/861/861 862/862/862 863/863/863
f 862/862/862 864/864/864 863/863/863
f 865/865/865 863/863/863 864/864/864
f 866/866/866 865/865/865 864/864/864
f 869/869/869 868/868/868 867/867/867
f 870/870/870 869/869/869 867/867/867
f 871/871/871 869/869/869 870/870/870
f 872/872/872 871/871/871 870/870/870
f 873/873/873 871/871/871 872/872/872
f 874/874/874 873/873/873 872/872/872
f 873/873/873 874/874/874 875/875/875
f 874/874/874 876/876/876 875/875/875
f 879/879/879 878/878/878 877/877/877
f 880/880/880 879/879/879 877/877/877
f 879/879/879 880/880/880 881/881/881
f 880/880/880 882/882/882 881/881/881
f 881/881/881 882/882/882 883/883/883
f 882/882/882 884/884/884 883/883/883
f 887/887/887 886/886/886 885/885/885
f 888/888/888 887/887/887 885/885/885
f 889/889/889 885/885/885 886/886/886
f 890/890/890 889/889/889 886/886/886
f 890/890/890 891/891/891 889/889/889
f 891/891/891 892/892/892 889/889/889
f 888/888/888 893/893/893 887/887/887
f 893/893/893 894/894/894 887/887/887
f 897/897/897 896/896/896 895/895/895
f 898/898/898 897/897/897 895/895/895
f 897/897/897 899/899/899 896/896/896
f 899/899/899 900/900/900 896/896/896
f 899/899/899 901/901/901 900/900/900
f 898/898/898 895/895/895 902/902/902
f 895/895/895 903/903/903 902/902/902
f 895/895/895 904/904/904 903/903/903
f 895/895/895 905/905/905 904/904/904
f 895/895/895 906/906/906 905/905/905
f 906/906/906 907/907/907 905/905/905
f 907/907/907 908/908/908 905/905/905
f 907/907/907 909/909/909 908/908/908
f 909/909/909 910/910/910 908/908/908
f 909/909/909 911/911/911 910/910/910
f 911/911/911 912/912/912 910/910/910
f 912/912/912 911/911/911 913/913/913
f 914/914/914 912/912/912 913/913/913
f 898/898/898 902/902/902 914/914/914
f 898/898/898 914/914/914 913/913/913
f 898/898/898 913/913/913 915/915/915
f 913/913/913 916/916/916 915/915/915
f 916/916/916 917/917/917 915/915/915
f 918/918/918 917/917/917 916/916/916
f 919/919/919 918/918/918 916/916/916
f 918/918/918 919/919/919 920/920/920
f 920/920/920 906/906/906 921/921/921
f 922/922/922 920/920/920 921/921/921
f 922/922/922 918/918/918 920/920/920
f 923/923/923 898/898/898 915/915/915
f 923/923/923 915/915/915 924/924/924
f 915/915/915 925/925/925 924/924/924
f 925/925/925 926/926/926 924/924/924
f 926/926/926 925/925/925 927/927/927
f 928/928/928 926/926/926 927/927/927
f 929/929/929 928/928/928 927/927/927
f 928/928/928 929/929/929 921/921/921
f 930/930/930 928/928/928 921/921/921
f 931/931/931 921/921/921 906/906/906
f 931/931/931 930/930/930 921/921/921
f 895/895/895 931/931/931 906/906/906
f 931/931/931 932/932/932 930/930/930
f 931/931/931 933/933/933 932/932/932
f 934/934/934 923/923/923 933/933/933
f 935/935/935 933/933/933 923/923/923
f 935/935/935 932/932/932 933/933/933
f 936/936/936 935/935/935 923/923/923
f 923/923/923 937/937/937 936/936/936
f 923/923/923 924/924/924 937/937/937
f 940/940/940 939/939/939 938/938/938
f 941/941/941 940/940/940 938/938/938
f 938/938/938 939/939/939 942/942/942
f 943/943/943 938/938/938 942/942/942
f 940/940/940 941/941/941 944/944/944
f 945/945/945 940/940/940 944/944/944
f 945/945/945 944/944/944 946/946/946
f 947/947/947 945/945/945 946/946/946
f 950/950/950 949/949/949 948/948/948
f 951/951/951 950/950/950 948/948/948
f 952/952/952 949/949/949 950/950/950
f 953/953/953 952/952/952 950/950/950
f 953/953/953 954/954/954 952/952/952
f 955/955/955 951/951/951 948/948/948
f 955/955/955 956/956/956 951/951/951
f 956/956/956 957/957/957 951/951/951
f 958/958/958 955/955/955 948/948/948
f 959/959/959 958/958/958 948/948/948
f 960/960/960 959/959/959 948/948/948
f 960/960/960 961/961/961 959/959/959
f 961/961/961 962/962/962 959/959/959
f 962/962/962 961/961/961 963/963/963
f 961/961/961 964/964/964 963/963/963
f 963/963/963 964/964/964 965/965/965
f 966/966/966 963/963/963 965/965/965
f 966/966/966 965/965/965 967/967/967
f 957/957/957 966/966/966 967/967/967
f 957/957/957 967/967/967 951/951/951
f 967/967/967 968/968/968 951/951/951
f 967/967/967 969/969/969 968/968/968
f 969/969/969 970/970/970 968/968/968
f 969/969/969 971/971/971 970/970/970
f 971/971/971 972/972/972 970/970/970
f 971/971/971 973/973/973 972/972/972
f 973/973/973 974/974/974 972/972/972
f 974/974/974 973/973/973 960/960/960
f 975/975/975 974/974/974 960/960/960
f 968/968/968 976/976/976 951/951/951
f 968/968/968 977/977/977 976/976/976
f 968/968/968 978/978/978 977/977/977
f 978/978/978 979/979/979 977/977/977
f 978/978/978 980/980/980 979/979/979
f 981/981/981 979/979/979 980/980/980
f 980/980/980 982/982/982 981/981/981
f 982/982/982 983/983/983 981/981/981
f 982/982/982 975/975/975 983/983/983
f 975/975/975 984/984/984 983/983/983
f 984/984/984 985/985/985 983/983/983
f 975/975/975 960/960/960 984/984/984
f 960/960/960 948/948/948 984/984/984
f 984/984/984 986/986/986 985/985/985
f 984/984/984 987/987/987 986/986/986
f 988/988/988 987/987/987 984/984/984
f 989/989/989 987/987/987 976/976/976
f 977/977/977 989/989/989 976/976/976
f 987/987/987 989/989/989 990/990/990
f 987/987/987 990/990/990 986/986/986
f 993/993/993 992/992/992 991/991/991
f 994/994/994 993/993/993 991/991/991
f 997/997/997 996/996/996 995/995/995
f 998/998/998 997/997/997 995/995/995
f 1001/1001/1001 1000/1000/1000 999/999/999
f 1002/1002/1002 1001/1001/1001 999/999/999
f 1005/1005/1005 1004/1004/1004 1003/1003/1003
f 1006/1006/1006 1005/1005/1005 1003/1003/1003
f 1006/1006/1006 1003/1003/1003 1007/1007/1007
f 1008/1008/1008 1006/1006/1006 1007/1007/1007
f 1008/1008/1008 1007/1007/1007 1009/1009/1009
f 1010/1010/1010 1008/1008/1008 1009/1009/1009
f 1010/1010/1010 1009/1009/1009 1011/1011/1011
f 1012/1012/1012 1010/1010/1010 1011/1011/1011
f 1015/1015/1015 1014/1014/1014 1013/1013/1013
f 1016/1016/1016 1015/1015/1015 1013/1013/1013
f 1015/1015/1015 1017/1017/1017 1014/1014/1014
f 1017/1017/1017 1018/1018/1018 1014/1014/1014
f 1019/1019/1019 1018/1018/1018 1017/1017/1017
f 1020/1020/1020 1019/1019/1019 1017/1017/1017
f 1020/1020/1020 1021/1021/1021 1019/1019/1019
f 1021/1021/1021 1022/1022/1022 1019/1019/1019
f 1025/1025/1025 1024/1024/1024 1023/1023/1023
f 1026/1026/1026 1025/1025/1025 1023/1023/1023
f 1025/1025/1025 1027/1027/1027 1024/1024/1024
f 1027/1027/1027 1028/1028/1028 1024/1024/1024
f 1028/1028/1028 1027/1027/1027 1029/1029/1029
f 1030/1030/1030 1028/1028/1028 1029/1029/1029
f 1029/1029/1029 1031/1031/1031 1030/1030/1030
f 1031/1031/1031 1032/1032/1032 1030/1030/1030
f 1023/1023/1023 1033/1033/1033 1026/1026/1026
f 1033/1033/1033 1034/1034/1034 1026/1026/1026
f 1037/1037/1037 1036/1036/1036 1035/1035/1035
f 1038/1038/1038 1037/1037/1037 1035/1035/1035
f 1037/1037/1037 1039/1039/1039 1036/1036/1036
f 1039/1039/1039 1040/1040/1040 1036/1036/1036
f 1039/1039/1039 1041/1041/1041 1040/1040/1040
f 1041/1041/1041 1042/1042/1042 1040/1040/1040
f 1041/1041/1041 1043/1043/1043 1042/1042/1042
f 1043/1043/1043 1044/1044/1044 1042/1042/1042
f 1047/1047/1047 1046/1046/1046 1045/1045/1045
f 1048/1048/1048 1047/1047/1047 1045/1045/1045
f 1047/1047/1047 1049/1049/1049 1046/1046/1046
f 1049/1049/1049 1050/1050/1050 1046/1046/1046
f 1049/1049/1049 1051/1051/1051 1050/1050/1050
f 1051/1051/1051 1052/1052/1052 1050/1050/1050
f 1051/1051/1051 1053/1053/1053 1052/1052/1052
f 1053/1053/1053 1054/1054/1054 1052/1052/1052
f 1057/1057/1057 1056/1056/1056 1055/1055/1055
f 1058/1058/1058 1057/1057/1057 1055/1055/1055
f 1058/1058/1058 1055/1055/1055 1059/1059/1059
f 1060/1060/1060 1058/1058/1058 1059/1059/1059
f 1060/1060/1060 1059/1059/1059 1061/1061/1061
f 1062/1062/1062 1060/1060/1060 1061/1061/1061
f 1061/1061/1061 1063/1063/1063 1062/1062/1062
f 1063/1063/1063 1064/1064/1064 1062/1062/1062
f 1067/1067/1067 1066/1066/1066 1065/1065/1065
f 1068/1068/1068 1067/1067/1067 1065/1065/1065
f 1067/1067/1067 1069/1069/1069 1066/1066/1066
f 1069/1069/1069 1070/1070/1070 1066/1066/1066
f 1069/1069/1069 1071/1071/1071 1070/1070/1070
f 1071/1071/1071 1072/1072/1072 1070/1070/1070
f 1072/1072/1072 1071/1071/1071 1073/1073/1073
f 1074/1074/1074 1072/1072/1072 1073/1073/1073
f 1077/1077/1077 1076/1076/1076 1075/1075/1075
f 1078/1078/1078 1077/1077/1077 1075/1075/1075
f 1076/1076/1076 1077/1077/1077 1079/1079/1079
f 1080/1080/1080 1076/1076/1076 1079/1079/1079
f 1080/1080/1080 1079/1079/1079 1081/1081/1081
f 1082/1082/1082 1080/1080/1080 1081/1081/1081
f 1085/1085/1085 1084/1084/1084 1083/1083/1083
f 1086/1086/1086 1085/1085/1085 1083/1083/1083
f 1089/1089/1089 1088/1088/1088 1087/1087/1087
f 1090/1090/1090 1089/1089/1089 1087/1087/1087
f 1093/1093/1093 1092/1092/1092 1091/1091/1091
f 1094/1094/1094 1093/1093/1093 1091/1091/1091
f 1095/1095/1095 1093/1093/1093 1094/1094/1094
f 1098/1098/1098 1097/1097/1097 1096/1096/1096
f 1099/1099/1099 1098/1098/1098 1096/1096/1096
f 1100/1100/1100 1098/1098/1098 1099/1099/1099
f 1103/1103/1103 1102/1102/1102 1101/1101/1101
f 1106/1106/1106 1105/1105/1105 1104/1104/1104
f 1109/1109/1109 1108/1108/1108 1107/1107/1107
f 1110/1110/1110 1109/1109/1109 1107/1107/1107
f 1107/1107/1107 1111/1111/1111 1110/1110/1110
f 1114/1114/1114 1113/1113/1113 1112/1112/1112
f 1115/1115/1115 1114/1114/1114 1112/1112/1112
f 1118/1118/1118 1117/1117/1117 1116/1116/1116
f 1119/1119/1119 1118/1118/1118 1116/1116/1116
f 1122/1122/1122 1121/1121/1121 1120/1120/1120
f 1123/1123/1123 1122/1122/1122 1120/1120/1120
f 1126/1126/1126 1125/1125/1125 1124/1124/1124
f 1127/1127/1127 1126/1126/1126 1124/1124/1124
f 1130/1130/1130 1129/1129/1129 1128/1128/1128
f 1131/1131/1131 1130/1130/1130 1128/1128/1128
f 1134/1134/1134 1133/1133/1133 1132/1132/1132
f 1135/1135/1135 1134/1134/1134 1132/1132/1132
f 1136/1136/1136 1134/1134/1134 1135/1135/1135
f 1137/1137/1137 1136/1136/1136 1135/1135/1135
f 1138/1138/1138 1136/1136/1136 1137/1137/1137
f 1139/1139/1139 1138/1138/1138 1137/1137/1137
f 1142/1142/1142 1141/1141/1141 1140/1140/1140
f 1143/1143/1143 1142/1142/1142 1140/1140/1140
f 1144/1144/1144 1142/1142/1142 1143/1143/1143
f 1145/1145/1145 1142/1142/1142 1144/1144/1144
f 1146/1146/1146 1145/1145/1145 1144/1144/1144
f 1147/1147/1147 1146/1146/1146 1144/1144/1144
f 1150/1150/1150 1149/1149/1149 1148/1148/1148
f 1151/1151/1151 1150/1150/1150 1148/1148/1148
f 1151/1151/1151 1148/1148/1148 1152/1152/1152
f 1153/1153/1153 1151/1151/1151 1152/1152/1152
f 1153/1153/1153 1152/1152/1152 1154/1154/1154
f 1154/1154/1154 1152/1152/1152 1155/1155/1155
f 1156/1156/1156 1154/1154/1154 1155/1155/1155
f 1159/1159/1159 1158/1158/1158 1157/1157/1157
f 1160/1160/1160 1159/1159/1159 1157/1157/1157
f 1160/1160/1160 1157/1157/1157 1161/1161/1161
f 1161/1161/1161 1157/1157/1157 1162/1162/1162
f 1163/1163/1163 1161/1161/1161 1162/1162/1162
f 1163/1163/1163 1162/1162/1162 1164/1164/1164
f 1165/1165/1165 1163/1163/1163 1164/1164/1164
f 1168/1168/1168 1167/1167/1167 1166/1166/1166
f 1169/1169/1169 1168/1168/1168 1166/1166/1166
f 1170/1170/1170 1169/1169/1169 1166/1166/1166
f 1171/1171/1171 1170/1170/1170 1166/1166/1166
f 1172/1172/1172 1170/1170/1170 1171/1171/1171
f 1173/1173/1173 1167/1167/1167 1168/1168/1168
f 1176/1176/1176 1175/1175/1175 1174/1174/1174
f 1177/1177/1177 1176/1176/1176 1174/1174/1174
f 1180/1180/1180 1179/1179/1179 1178/1178/1178
f 1181/1181/1181 1180/1180/1180 1178/1178/1178
f 1182/1182/1182 1179/1179/1179 1180/1180/1180
f 1183/1183/1183 1182/1182/1182 1180/1180/1180
f 1184/1184/1184 1182/1182/1182 1183/1183/1183
f 1185/1185/1185 1184/1184/1184 1183/1183/1183
f 1188/1188/1188 1187/1187/1187 1186/1186/1186
f 1186/1186/1186 1189/1189/1189 1188/1188/1188
f 1189/1189/1189 1190/1190/1190 1188/1188/1188
f 1193/1193/1193 1192/1192/1192 1191/1191/1191
f 1194/1194/1194 1193/1193/1193 1191/1191/1191
f 1197/1197/1197 1196/1196/1196 1195/1195/1195
f 1198/1198/1198 1197/1197/1197 1195/1195/1195
f 1198/1198/1198 1195/1195/1195 1199/1199/1199
f 1195/1195/1195 1200/1200/1200 1199/1199/1199
f 1199/1199/1199 1200/1200/1200 1201/1201/1201
f 1202/1202/1202 1196/1196/1196 1197/1197/1197
f 1203/1203/1203 1196/1196/1196 1202/1202/1202
f 1204/1204/1204 1196/1196/1196 1203/1203/1203
f 1201/1201/1201 1200/1200/1200 1204/1204/1204
f 1205/1205/1205 1204/1204/1204 1203/1203/1203
f 1206/1206/1206 1204/1204/1204 1205/1205/1205
f 1206/1206/1206 1201/1201/1201 1204/1204/1204
f 1209/1209/1209 1208/1208/1208 1207/1207/1207
f 1210/1210/1210 1209/1209/1209 1207/1207/1207
f 1213/1213/1213 1212/1212/1212 1211/1211/1211
f 1214/1214/1214 1213/1213/1213 1211/1211/1211
f 1217/1217/1217 1216/1216/1216 1215/1215/1215
f 1218/1218/1218 1217/1217/1217 1215/1215/1215
f 1221/1221/1221 1220/1220/1220 1219/1219/1219
f 1219/1219/1219 1222/1222/1222 1221/1221/1221
f 1219/1219/1219 1223/1223/1223 1222/1222/1222
f 1224/1224/1224 1221/1221/1221 1222/1222/1222
f 1227/1227/1227 1226/1226/1226 1225/1225/1225
f 1228/1228/1228 1227/1227/1227 1225/1225/1225
f 1231/1231/1231 1230/1230/1230 1229/1229/1229
f 1232/1232/1232 1231/1231/1231 1229/1229/1229
f 1233/1233/1233 1232/1232/1232 1229/1229/1229
f 1234/1234/1234 1232/1232/1232 1233/1233/1233
f 1235/1235/1235 1230/1230/1230 1231/1231/1231
f 1236/1236/1236 1235/1235/1235 1231/1231/1231
f 1237/1237/1237 1236/1236/1236 1231/1231/1231
f 1238/1238/1238 1236/1236/1236 1237/1237/1237
f 1239/1239/1239 1238/1238/1238 1237/1237/1237
f 1240/1240/1240 1239/1239/1239 1237/1237/1237
f 1241/1241/1241 1240/1240/1240 1237/1237/1237
f 1243/1243/1243 1242/1242/1242 1241/1241/1241
f 1246/1246/1246 1245/1245/1245 1244/1244/1244
f 1245/1245/1245 1247/1247/1247 1244/1244/1244
f 1250/1250/1250 1249/1249/1249 1248/1248/1248
f 1248/1248/1248 1249/1249/1249 1251/1251/1251
f 1248/1248/1248 1252/1252/1252 1250/1250/1250
f 1252/1252/1252 1253/1253/1253 1250/1250/1250
f 1253/1253/1253 1254/1254/1254 1250/1250/1250
f 1250/1250/1250 1254/1254/1254 1255/1255/1255
f 1254/1254/1254 1256/1256/1256 1255/1255/1255
f 1256/1256/1256 1257/1257/1257 1255/1255/1255
f 1255/1255/1255 1257/1257/1257 1258/1258/1258
f 1257/1257/1257 1259/1259/1259 1258/1258/1258
f 1259/1259/1259 1260/1260/1260 1258/1258/1258
f 1258/1258/1258 1261/1261/1261 1249/1249/1249
f 1261/1261/1261 1251/1251/1251 1249/1249/1249
f 1260/1260/1260 1261/1261/1261 1258/1258/1258
f 1264/1264/1264 1263/1263/1263 1262/1262/1262
f 1265/1265/1265 1264/1264/1264 1262/1262/1262
f 1262/1262/1262 1266/1266/1266 1265/1265/1265
f 1267/1267/1267 1263/1263/1263 1264/1264/1264
f 1268/1268/1268 1267/1267/1267 1264/1264/1264
f 1269/1269/1269 1267/1267/1267 1268/1268/1268
f 1270/1270/1270 1269/1269/1269 1268/1268/1268
f 1271/1271/1271 1270/1270/1270 1268/1268/1268
f 1265/1265/1265 1272/1272/1272 1271/1271/1271
f 1266/1266/1266 1272/1272/1272 1265/1265/1265
f 1272/1272/1272 1273/1273/1273 1271/1271/1271
f 1273/1273/1273 1270/1270/1270 1271/1271/1271
f 1276/1276/1276 1275/1275/1275 1274/1274/1274
f 1277/1277/1277 1276/1276/1276 1274/1274/1274
f 1277/1277/1277 1274/1274/1274 1278/1278/1278
f 1279/1279/1279 1277/1277/1277 1278/1278/1278
f 1282/1282/1282 1281/1281/1281 1280/1280/1280
f 1283/1283/1283 1282/1282/1282 1280/1280/1280
f 1286/1286/1286 1285/1285/1285 1284/1284/1284
f 1287/1287/1287 1286/1286/1286 1284/1284/1284
f 1290/1290/1290 1289/1289/1289 1288/1288/1288
f 1291/1291/1291 1290/1290/1290 1288/1288/1288
f 1294/1294/1294 1293/1293/1293 1292/1292/1292
f 1295/1295/1295 1294/1294/1294 1292/1292/1292
f 1298/1298/1298 1297/1297/1297 1296/1296/1296
f 1299/1299/1299 1298/1298/1298 1296/1296/1296
f 1298/1298/1298 1301/1301/1301 1300/1300/1300
f 1301/1301/1301 1302/1302/1302 1300/1300/1300
f 1305/1305/1305 1304/1304/1304 1303/1303/1303
f 1306/1306/1306 1305/1305/1305 1303/1303/1303
f 1309/1309/1309 1308/1308/1308 1307/1307/1307
f 1310/1310/1310 1309/1309/1309 1307/1307/1307
f 1313/1313/1313 1312/1312/1312 1311/1311/1311
f 1314/1314/1314 1313/1313/1313 1311/1311/1311
f 1313/1313/1313 1316/1316/1316 1315/1315/1315
f 1316/1316/1316 1317/1317/1317 1315/1315/1315
f 1320/1320/1320 1319/1319/1319 1318/1318/1318
f 1321/1321/1321 1320/1320/1320 1318/1318/1318
f 1324/1324/1324 1323/1323/1323 1322/1322/1322
f 1325/1325/1325 1324/1324/1324 1322/1322/1322
f 1328/1328/1328 1327/1327/1327 1326/1326/1326
f 1329/1329/1329 1327/1327/1327 1328/1328/1328
f 1332/1332/1332 1331/1331/1331 1330/1330/1330
f 1333/1333/1333 1332/1332/1332 1330/1330/1330
f 1336/1336/1336 1335/1335/1335 1334/1334/1334
f 1337/1337/1337 1336/1336/1336 1334/1334/1334
f 1340/1340/1340 1339/1339/1339 1338/1338/1338
f 1341/1341/1341 1340/1340/1340 1338/1338/1338
f 1342/1342/1342 1340/1340/1340 1341/1341/1341
f 1343/1343/1343 1342/1342/1342 1341/1341/1341
f 1344/1344/1344 1342/1342/1342 1343/1343/1343
f 1345/1345/1345 1344/1344/1344 1343/1343/1343
f 1346/1346/1346 1345/1345/1345 1343/1343/1343
f 1349/1349/1349 1348/1348/1348 1347/1347/1347
f 1350/1350/1350 1349/1349/1349 1347/1347/1347
f 1351/1351/1351 1349/1349/1349 1350/1350/1350
f 1352/1352/1352 1351/1351/1351 1350/1350/1350
f 1353/1353/1353 1351/1351/1351 1352/1352/1352
f 1354/1354/1354 1353/1353/1353 1352/1352/1352
f 1355/1355/1355 1354/1354/1354 1352/1352/1352
f 1358/1358/1358 1357/1357/1357 1356/1356/1356
f 1359/1359/1359 1358/1358/1358 1356/1356/1356
f 1360/1360/1360 1359/1359/1359 1356/1356/1356
f 1361/1361/1361 1359/1359/1359 1360/1360/1360
f 1362/1362/1362 1361/1361/1361 1360/1360/1360
f 1363/1363/1363 1361/1361/1361 1362/1362/1362
f 1366/1366/1366 1365/1365/1365 1364/1364/1364
f 1367/1367/1367 1366/1366/1366 1364/1364/1364
f 1366/1366/1366 1368/1368/1368 1365/1365/1365
f 1368/1368/1368 1369/1369/1369 1365/1365/1365
f 1364/1364/1364 1370/1370/1370 1367/1367/1367
f 1371/1371/1371 1370/1370/1370 1364/1364/1364
f 1372/1372/1372 1371/1371/1371 1364/1364/1364
f 1372/1372/1372 1364/1364/1364 1373/1373/1373
f 1364/1364/1364 1374/1374/1374 1373/1373/1373
f 1370/1370/1370 1375/1375/1375 1367/1367/1367
f 1373/1373/1373 1365/1365/1365 1376/1376/1376
f 1377/1377/1377 1373/1373/1373 1376/1376/1376
f 1378/1378/1378 1373/1373/1373 1377/1377/1377
f 1378/1378/1378 1379/1379/1379 1371/1371/1371
f 1379/1379/1379 1378/1378/1378 1377/1377/1377
f 1379/1379/1379 1380/1380/1380 1371/1371/1371
f 1377/1377/1377 1376/1376/1376 1381/1381/1381
f 1382/1382/1382 1377/1377/1377 1381/1381/1381
f 1382/1382/1382 1381/1381/1381 1383/1383/1383
f 1384/1384/1384 1382/1382/1382 1383/1383/1383
f 1382/1382/1382 1384/1384/1384 1385/1385/1385
f 1384/1384/1384 1386/1386/1386 1385/1385/1385
f 1385/1385/1385 1386/1386/1386 1387/1387/1387
f 1388/1388/1388 1385/1385/1385 1387/1387/1387
f 1385/1385/1385 1388/1388/1388 1389/1389/1389
f 1389/1389/1389 1377/1377/1377 1382/1382/1382
f 1385/1385/1385 1389/1389/1389 1382/1382/1382
f 1388/1388/1388 1390/1390/1390 1389/1389/1389
f 1390/1390/1390 1392/1392/1392 1391/1391/1391
f 1393/1393/1393 1390/1390/1390 1391/1391/1391
f 1395/1395/1395 1394/1394/1394 1391/1391/1391
f 1398/1398/1398 1397/1397/1397 1396/1396/1396
f 1399/1399/1399 1398/1398/1398 1396/1396/1396
f 1398/1398/1398 1400/1400/1400 1397/1397/1397
f 1400/1400/1400 1401/1401/1401 1397/1397/1397
f 1402/1402/1402 1399/1399/1399 1396/1396/1396
f 1403/1403/1403 1402/1402/1402 1396/1396/1396
f 1406/1406/1406 1405/1405/1405 1404/1404/1404
f 1407/1407/1407 1406/1406/1406 1404/1404/1404
f 1407/1407/1407 1404/1404/1404 1408/1408/1408
f 1409/1409/1409 1407/1407/1407 1408/1408/1408
f 1406/1406/1406 1410/1410/1410 1405/1405/1405
f 1410/1410/1410 1411/1411/1411 1405/1405/1405
f 1414/1414/1414 1413/1413/1413 1412/1412/1412
f 1415/1415/1415 1414/1414/1414 1412/1412/1412
f 1418/1418/1418 1417/1417/1417 1416/1416/1416
f 1419/1419/1419 1418/1418/1418 1416/1416/1416
f 1419/1419/1419 1416/1416/1416 1420/1420/1420
f 1421/1421/1421 1419/1419/1419 1420/1420/1420
f 1424/1424/1424 1423/1423/1423 1422/1422/1422
f 1425/1425/1425 1423/1423/1423 1424/1424/1424
f 1426/1426/1426 1425/1425/1425 1424/1424/1424
f 1426/1426/1426 1427/1427/1427 1425/1425/1425
f 1427/1427/1427 1428/1428/1428 1425/1425/1425
f 1429/1429/1429 1424/1424/1424 1422/1422/1422
f 1432/1432/1432 1431/1431/1431 1430/1430/1430
f 1433/1433/1433 1432/1432/1432 1430/1430/1430
f 1436/1436/1436 1435/1435/1435 1434/1434/1434
f 1437/1437/1437 1436/1436/1436 1434/1434/1434
f 1438/1438/1438 1436/1436/1436 1437/1437/1437
f 1439/1439/1439 1438/1438/1438 1437/1437/1437
f 1440/1440/1440 1434/1434/1434 1435/1435/1435
f 1440/1440/1440 1441/1441/1441 1434/1434/1434
f 1441/1441/1441 1442/1442/1442 1434/1434/1434
f 1434/1434/1434 1442/1442/1442 1443/1443/1443
f 1444/1444/1444 1434/1434/1434 1443/1443/1443
f 1445/1445/1445 1440/1440/1440 1435/1435/1435
f 1437/1437/1437 1443/1443/1443 1446/1446/1446
f 1443/1443/1443 1447/1447/1447 1446/1446/1446
f 1443/1443/1443 1448/1448/1448 1447/1447/1447
f 1449/1449/1449 1448/1448/1448 1441/1441/1441
f 1450/1450/1450 1449/1449/1449 1441/1441/1441
f 1450/1450/1450 1451/1451/1451 1449/1449/1449
f 1451/1451/1451 1452/1452/1452 1449/1449/1449
f 1452/1452/1452 1453/1453/1453 1449/1449/1449
f 1451/1451/1451 1454/1454/1454 1452/1452/1452
f 1454/1454/1454 1455/1455/1455 1452/1452/1452
f 1452/1452/1452 1455/1455/1455 1456/1456/1456
f 1447/1447/1447 1452/1452/1452 1456/1456/1456
f 1457/1457/1457 1456/1456/1456 1455/1455/1455
f 1458/1458/1458 1457/1457/1457 1455/1455/1455
f 1456/1456/1456 1457/1457/1457 1459/1459/1459
f 1460/1460/1460 1456/1456/1456 1459/1459/1459
f 1447/1447/1447 1456/1456/1456 1460/1460/1460
f 1446/1446/1446 1447/1447/1447 1460/1460/1460
f 1448/1448/1448 1461/1461/1461 1447/1447/1447
f 1463/1463/1463 1454/1454/1454 1462/1462/1462
f 1458/1458/1458 1463/1463/1463 1462/1462/1462
f 1466/1466/1466 1465/1465/1465 1464/1464/1464
f 1467/1467/1467 1466/1466/1466 1464/1464/1464
f 1468/1468/1468 1466/1466/1466 1467/1467/1467
f 1469/1469/1469 1468/1468/1468 1467/1467/1467
f 1471/1471/1471 1464/1464/1464 1470/1470/1470
f 1472/1472/1472 1471/1471/1471 1470/1470/1470
f 1475/1475/1475 1474/1474/1474 1473/1473/1473
f 1476/1476/1476 1475/1475/1475 1473/1473/1473
f 1473/1473/1473 1474/1474/1474 1477/1477/1477
f 1474/1474/1474 1478/1478/1478 1477/1477/1477
f 1479/1479/1479 1475/1475/1475 1476/1476/1476
f 1480/1480/1480 1479/1479/1479 1476/1476/1476
f 1483/1483/1483 1482/1482/1482 1481/1481/1481
f 1484/1484/1484 1483/1483/1483 1481/1481/1481
f 1487/1487/1487 1486/1486/1486 1485/1485/1485
f 1488/1488/1488 1487/1487/1487 1485/1485/1485
f 1485/1485/1485 1486/1486/1486 1489/1489/1489
f 1486/1486/1486 1490/1490/1490 1489/1489/1489
f 1493/1493/1493 1492/1492/1492 1491/1491/1491
f 1495/1495/1495 1494/1494/1494 1491/1491/1491
f 1495/1495/1495 1496/1496/1496 1494/1494/1494
f 1496/1496/1496 1497/1497/1497 1494/1494/1494
f 1498/1498/1498 1497/1497/1497 1496/1496/1496
f 1499/1499/1499 1498/1498/1498 1496/1496/1496
f 1502/1502/1502 1501/1501/1501 1500/1500/1500
f 1503/1503/1503 1502/1502/1502 1500/1500/1500
f 1506/1506/1506 1505/1505/1505 1504/1504/1504
f 1507/1507/1507 1506/1506/1506 1504/1504/1504
f 1510/1510/1510 1509/1509/1509 1508/1508/1508
f 1511/1511/1511 1510/1510/1510 1508/1508/1508
f 1514/1514/1514 1513/1513/1513 1512/1512/1512
f 1517/1517/1517 1516/1516/1516 1515/1515/1515
f 1516/1516/1516 1518/1518/1518 1515/1515/1515
f 1521/1521/1521 1520/1520/1520 1519/1519/1519
